"","voted","sex","age","unit","weight","race","educ"
"1",1,0,"(59,69]",0,3229.203,1,0
"2",0,1,"(59,69]",0,4120.2503,4,0
"3",1,0,"(39,49]",0,4360.5666,1,2
"4",1,1,"(39,49]",0,4137.6192,1,2
"5",NA,1,"(59,69]",0,3816.0328,2,2
"6",NA,0,"(0,29]",0,5385.6248,2,0
"7",NA,0,"(39,49]",0,4434.4495,2,2
"8",1,0,"(0,29]",0,4940.5552,3,2
"9",1,0,"(49,59]",0,3862.7322,2,1
"10",1,1,"(49,59]",0,3786.1373,2,2
"11",0,1,"(29,39]",0,3211.7423,1,2
"12",0,0,"(29,39]",0,3415.1685,1,0
"13",0,1,"(49,59]",0,3634.2709,1,1
"14",0,0,"(49,59]",0,3502.0717,1,0
"15",1,0,"(39,49]",0,3116.9115,1,2
"16",1,1,"(39,49]",0,2863.2994,1,2
"17",1,1,"(69,79]",0,2994.8718,2,1
"18",1,1,"(59,69]",0,3816.0328,2,2
"19",1,0,"(49,59]",0,3820.2127,1,2
"20",1,1,"(39,49]",0,3435.4251,1,1
"21",1,1,"(0,29]",0,4390.0996,1,0
"22",1,1,"(0,29]",0,3760.6552,1,2
"23",1,0,"(0,29]",0,4711.0087,1,2
"24",NA,1,"(59,69]",0,3476.1734,1,NA
"25",1,1,"(59,69]",0,3713.26,2,1
"26",0,0,"(0,29]",0,3556.32,1,1
"27",0,1,"(0,29]",0,4239.6852,1,1
"28",1,1,"(59,69]",0,3303.2905,1,2
"29",1,0,"(69,79]",0,3482.9338,1,2
"30",0,0,"(29,39]",0,4045.4288,2,2
"31",1,1,"(39,49]",0,3277.2418,1,2
"32",0,1,"(29,39]",0,4063.2127,1,2
"33",0,0,"(39,49]",0,4728.1184,1,1
"34",0,1,"(49,59]",0,4047.5672,3,2
"35",1,0,"(49,59]",0,4414.4217,3,2
"36",1,0,"(59,69]",0,3078.2278,1,1
"37",1,1,"(29,39]",0,5808.7681,2,2
"38",0,0,"(79,100]",0,3333.45,1,0
"39",0,1,"(79,100]",0,3347.7031,1,0
"40",0,1,"(69,79]",0,3418.9698,1,1
"41",0,0,"(39,49]",0,4178.749,1,0
"42",NA,1,"(39,49]",0,4233.7574,2,2
"43",NA,0,"(49,59]",0,5050.4216,2,2
"44",0,1,"(79,100]",0,3100.8874,1,0
"45",1,1,"(69,79]",0,3018.9654,1,2
"46",NA,0,"(39,49]",0,4243.3,2,1
"47",NA,1,"(39,49]",0,3996.5674,2,2
"48",NA,0,"(0,29]",0,4058.653,2,0
"49",NA,0,NA,0,5283.8046,2,NA
"50",NA,1,NA,0,4882.0099,2,NA
"51",NA,1,"(0,29]",0,3406.026,NA,NA
"52",1,1,"(39,49]",0,3435.4251,1,NA
"53",1,0,"(39,49]",0,3853.9037,1,NA
"54",NA,0,NA,0,3556.682,NA,NA
"55",NA,0,NA,0,3136.4186,NA,NA
"56",0,0,"(29,39]",0,4667.8731,2,0
"57",1,0,"(69,79]",0,2985.9257,NA,2
"58",1,1,"(59,69]",0,3780.2898,NA,2
"59",1,0,"(69,79]",0,3297.8242,2,1
"60",1,0,"(39,49]",0,2874.6108,1,2
"61",1,1,"(39,49]",0,3672.2747,1,2
"62",1,0,"(49,59]",0,3377.2413,1,2
"63",1,1,"(49,59]",0,3325.4044,1,2
"64",1,1,"(49,59]",0,3083.6105,4,1
"65",1,1,"(49,59]",0,3340.6991,3,1
"66",1,0,"(29,39]",0,4045.4288,2,2
"67",1,1,"(0,29]",0,7083.2386,2,0
"68",0,0,"(0,29]",0,5569.7772,3,0
"69",0,0,"(0,29]",0,5769.2792,1,0
"70",1,0,"(59,69]",0,3171.8979,2,1
"71",1,1,"(39,49]",0,3996.5674,2,2
"72",1,0,"(59,69]",0,3229.203,1,2
"73",1,1,"(49,59]",0,3663.9226,1,2
"74",1,0,"(59,69]",0,2954.071,1,2
"75",1,1,"(59,69]",0,3363.1364,1,2
"76",0,0,"(0,29]",0,3726.7624,1,1
"77",1,0,"(0,29]",0,3726.7624,1,1
"78",1,0,"(0,29]",0,3726.7624,1,1
"79",1,0,"(0,29]",0,3726.7624,1,1
"80",1,0,"(59,69]",0,3441.2045,1,2
"81",1,0,"(0,29]",0,4711.0087,1,0
"82",1,0,"(49,59]",0,3721.6645,1,2
"83",1,1,"(39,49]",0,3437.711,1,0
"84",1,0,"(69,79]",0,3526.4201,1,1
"85",1,1,"(59,69]",0,3276.5574,1,0
"86",0,1,"(0,29]",0,3878.4589,NA,1
"87",0,0,"(0,29]",0,3409.2377,1,1
"88",0,1,"(0,29]",0,3878.4589,1,1
"89",0,1,"(0,29]",0,3878.4589,1,1
"90",NA,0,"(79,100]",0,3186.1837,1,1
"91",1,0,"(0,29]",0,2894.2505,3,1
"92",1,0,"(69,79]",0,3482.9338,1,2
"93",NA,0,NA,0,2940.0641,NA,NA
"94",1,0,"(69,79]",0,3643.1626,1,0
"95",1,1,"(59,69]",0,3033.1176,1,0
"96",0,0,"(29,39]",0,2735.3684,1,1
"97",1,1,"(39,49]",0,4104.1339,1,2
"98",0,0,"(39,49]",0,4325.277,1,2
"99",1,0,"(39,49]",0,3207.3281,1,1
"100",1,1,"(39,49]",0,2619.3428,1,2
"101",1,1,"(29,39]",0,4438.4115,2,0
"102",1,0,"(79,100]",0,3575.7975,2,1
"103",1,1,"(79,100]",0,3247.3093,2,0
"104",1,1,"(39,49]",0,4553.469,2,2
"105",1,1,"(49,59]",0,3507.417,1,2
"106",1,1,"(0,29]",0,4743.9032,1,2
"107",1,0,"(59,69]",0,4080.6566,2,0
"108",1,0,"(59,69]",0,3459.1256,1,2
"109",1,1,"(59,69]",0,3485.5179,1,2
"110",1,1,"(0,29]",0,3468.3115,1,1
"111",1,0,"(0,29]",0,3253.3172,1,2
"112",1,0,"(0,29]",0,3253.3172,1,2
"113",1,1,"(29,39]",0,2882.4879,1,2
"114",0,0,"(29,39]",0,4210.8541,1,2
"115",1,1,"(59,69]",0,3303.2905,1,1
"116",1,0,"(0,29]",0,3409.2377,1,1
"117",1,1,"(49,59]",0,3396.0586,1,2
"118",0,1,"(0,29]",0,5007.0662,1,1
"119",1,1,"(0,29]",0,3519.8091,3,0
"120",1,0,"(29,39]",0,4898.5667,1,2
"121",1,1,"(29,39]",0,4483.5313,1,2
"122",1,1,"(49,59]",0,3517.8517,2,2
"123",1,1,"(0,29]",0,6857.8057,2,1
"124",NA,1,"(0,29]",0,4677.9742,2,2
"125",1,0,"(59,69]",0,3527.8981,1,2
"126",1,1,"(59,69]",0,2936.5848,1,2
"127",0,0,"(59,69]",0,3173.6941,1,0
"128",0,1,"(39,49]",0,4245.2668,4,0
"129",1,1,"(69,79]",0,3746.5043,4,0
"130",1,0,"(69,79]",0,3237.6091,4,0
"131",1,1,"(0,29]",0,4205.3739,1,2
"132",1,1,"(0,29]",0,4205.3739,1,1
"133",1,1,"(29,39]",0,2680.1004,1,2
"134",1,1,"(49,59]",0,3489.3821,2,2
"135",1,1,"(0,29]",0,6802.3062,2,1
"136",1,0,"(0,29]",0,6642.6435,2,2
"137",NA,0,NA,0,2851.3469,NA,2
"138",NA,1,NA,0,2619.3428,NA,2
"139",1,1,"(39,49]",0,4553.469,2,0
"140",1,0,"(49,59]",0,3229.8297,1,2
"141",1,0,"(49,59]",0,3229.8297,1,2
"142",1,1,"(29,39]",0,2680.1004,1,1
"143",1,1,"(69,79]",0,3247.3093,2,0
"144",1,1,"(69,79]",0,3018.9654,1,2
"145",NA,1,NA,0,3565.1179,NA,2
"146",NA,1,NA,0,3949.714,4,0
"147",0,0,"(69,79]",0,3324.7309,2,0
"148",1,1,"(39,49]",0,4370.9831,2,1
"149",0,1,"(0,29]",0,5103.0824,2,1
"150",1,1,"(49,59]",0,4160.8827,2,2
"151",1,1,"(0,29]",0,6802.3062,2,2
"152",1,0,"(69,79]",0,3526.4201,1,2
"153",1,1,"(69,79]",0,3335.0505,1,2
"154",NA,0,"(59,69]",0,3527.8981,1,2
"155",NA,0,"(59,69]",0,3261.6258,NA,NA
"156",NA,1,NA,0,3378.4614,1,2
"157",0,0,"(0,29]",0,2883.0291,3,0
"158",1,0,"(59,69]",0,3173.6941,1,1
"159",1,1,"(29,39]",0,3085.1029,1,1
"160",0,1,"(0,29]",0,5007.0662,1,0
"161",0,1,"(79,100]",0,3347.7031,1,0
"162",1,1,"(29,39]",0,2882.4879,1,2
"163",1,0,"(29,39]",0,4210.8541,1,2
"164",1,0,"(29,39]",0,4245.2102,1,1
"165",1,1,"(29,39]",0,2906.0059,1,2
"166",1,0,"(29,39]",0,2824.743,1,NA
"167",1,1,"(59,69]",0,2891.9815,1,2
"168",1,1,"(29,39]",0,2837.184,1,2
"169",1,0,"(29,39]",0,4280.3187,1,2
"170",1,1,"(49,59]",0,3507.417,1,1
"171",1,1,"(49,59]",0,3905.5286,2,0
"172",1,1,"(0,29]",0,5185.734,1,2
"173",1,0,"(0,29]",0,5082.8906,NA,2
"174",0,0,"(29,39]",0,4604.3653,2,0
"175",0,1,"(0,29]",0,3583.7842,1,2
"176",1,1,"(59,69]",0,3214.5627,1,1
"177",1,0,"(0,29]",0,2894.2505,3,1
"178",1,1,"(29,39]",0,3216.4796,1,2
"179",1,0,"(59,69]",0,4048.1349,3,2
"180",1,1,"(59,69]",0,3929.9069,3,2
"181",1,0,"(39,49]",0,4148.75,2,2
"182",1,1,"(39,49]",0,4486.3788,1,2
"183",1,0,"(49,59]",0,3229.8297,1,2
"184",1,1,"(0,29]",0,3314.583,1,2
"185",1,1,"(0,29]",0,3314.583,1,2
"186",1,1,"(39,49]",0,4706.6265,3,0
"187",1,1,"(59,69]",0,3847.1676,2,0
"188",NA,0,"(39,49]",0,3856.953,2,1
"189",NA,1,"(39,49]",0,3996.5674,2,1
"190",1,1,"(69,79]",0,3022.4417,1,2
"191",1,0,"(59,69]",0,2954.071,1,1
"192",1,1,"(49,59]",0,3816.0328,2,0
"193",1,1,"(59,69]",0,3676.3673,1,0
"194",1,0,"(59,69]",0,3229.203,1,0
"195",1,1,"(49,59]",0,3605.7024,1,2
"196",1,0,"(59,69]",0,3519.9459,1,2
"197",1,1,"(59,69]",0,2936.5848,1,0
"198",1,0,"(79,100]",0,3480.8091,1,0
"199",1,0,"(59,69]",0,3925.1233,2,0
"200",1,1,"(49,59]",0,3905.5286,2,1
"201",0,1,"(29,39]",0,3839.2097,1,1
"202",NA,0,NA,0,3883.5132,1,1
"203",NA,1,NA,0,3368.0912,3,2
"204",1,1,"(29,39]",0,4683.6229,2,2
"205",1,0,"(59,69]",0,3917.3936,2,1
"206",1,1,"(29,39]",0,3076.33,1,0
"207",1,0,"(29,39]",0,4045.4288,2,1
"208",1,1,"(39,49]",0,5142.7874,2,0
"209",0,0,"(0,29]",0,4553.1173,2,0
"210",NA,0,"(39,49]",0,3824.1594,1,2
"211",NA,1,"(39,49]",0,2975.1213,1,2
"212",1,1,"(49,59]",0,3565.1179,1,1
"213",NA,0,"(59,69]",0,3917.3936,2,0
"214",NA,1,"(49,59]",0,3937.3935,2,1
"215",NA,1,"(0,29]",0,5841.7496,2,0
"216",1,1,"(39,49]",0,4009.1497,3,2
"217",1,0,"(39,49]",0,3506.0476,1,2
"218",0,0,"(49,59]",0,4284.4368,1,0
"219",1,1,"(49,59]",0,3507.417,1,2
"220",1,0,"(49,59]",0,3789.2961,1,2
"221",0,0,"(0,29]",0,4556.9031,1,1
"222",0,0,"(0,29]",0,5277.7296,1,1
"223",0,0,"(79,100]",0,3029.1875,1,2
"224",NA,0,"(0,29]",0,7642.9769,NA,NA
"225",NA,1,"(0,29]",0,8689.3064,NA,NA
"226",1,1,"(29,39]",0,4134.993,1,2
"227",1,1,"(49,59]",0,5446.7413,2,0
"228",0,0,"(0,29]",0,6974.4714,2,0
"229",NA,0,"(59,69]",0,3229.5273,1,1
"230",NA,0,"(49,59]",0,3307.3392,1,1
"231",0,1,"(0,29]",0,7199.2547,2,2
"232",0,0,"(0,29]",0,5459.6211,2,1
"233",1,1,"(39,49]",0,3407.6225,1,2
"234",1,0,"(39,49]",0,4325.277,1,2
"235",1,1,"(29,39]",0,2986.9156,1,2
"236",1,0,"(39,49]",0,2704.3682,1,2
"237",1,0,"(29,39]",0,3635.0379,1,2
"238",1,1,"(29,39]",0,2966.4388,1,2
"239",0,0,"(39,49]",0,4325.277,1,1
"240",0,1,"(39,49]",0,4104.1339,1,1
"241",0,0,"(0,29]",0,5277.7296,1,0
"242",1,1,"(69,79]",0,3100.8874,1,2
"243",1,0,"(29,39]",0,4995.8041,4,2
"244",1,1,"(29,39]",0,2658.4106,1,2
"245",1,0,"(49,59]",0,3432.3518,1,2
"246",1,1,"(29,39]",0,4168.7301,1,1
"247",0,0,"(29,39]",0,4315.2415,1,0
"248",1,0,"(39,49]",0,3136.4186,3,0
"249",1,0,"(39,49]",0,3136.4186,3,NA
"250",1,1,"(49,59]",0,3379.0987,1,2
"251",1,0,"(49,59]",0,3256.1816,1,2
"252",0,0,"(0,29]",0,2954.9613,1,1
"253",1,1,"(0,29]",0,3478.4745,1,0
"254",1,1,"(49,59]",0,3507.417,1,2
"255",1,0,"(49,59]",0,3789.2961,1,2
"256",1,0,"(0,29]",0,5277.7296,1,1
"257",NA,1,NA,0,4438.4115,NA,2
"258",NA,0,NA,0,4087.1731,NA,1
"259",1,1,"(69,79]",0,3580.0702,2,0
"260",NA,0,NA,0,4474.2357,NA,NA
"261",NA,1,NA,0,4721.8363,NA,NA
"262",1,0,"(0,29]",0,3595.8051,1,0
"263",1,0,"(49,59]",0,3307.3392,1,0
"264",1,1,"(0,29]",0,4899.847,1,1
"265",NA,0,"(39,49]",0,3854.0766,1,0
"266",0,1,"(0,29]",0,4005.9534,1,1
"267",0,0,"(29,39]",0,4808.0739,2,1
"268",0,0,"(29,39]",0,5413.3294,2,1
"269",1,1,"(49,59]",0,3622.2141,1,2
"270",0,1,"(0,29]",0,3760.6552,1,2
"271",0,1,"(29,39]",0,3051.4336,1,1
"272",0,0,"(29,39]",0,2871.5379,1,2
"273",1,1,"(39,49]",0,3040.3614,3,1
"274",0,1,"(39,49]",0,3724.9968,1,2
"275",1,0,"(49,59]",0,3691.7859,1,2
"276",1,1,"(0,29]",0,5031.2308,2,2
"277",1,1,"(29,39]",0,2814.2229,1,2
"278",0,1,"(49,59]",0,3214.1344,4,2
"279",0,1,"(49,59]",0,3214.1344,4,2
"280",0,1,"(69,79]",0,3418.9698,1,1
"281",0,0,"(39,49]",0,4045.9365,1,1
"282",0,1,"(39,49]",0,3261.3906,1,2
"283",1,1,"(49,59]",0,3471.9036,1,1
"284",1,0,"(0,29]",0,3595.8051,1,2
"285",1,1,"(49,59]",0,3605.7024,1,2
"286",0,0,"(0,29]",0,5415.437,2,0
"287",NA,0,"(0,29]",0,5415.437,2,2
"288",1,0,"(0,29]",0,6432.2939,2,0
"289",NA,0,"(0,29]",0,6432.2939,2,0
"290",1,0,"(49,59]",0,4213.2842,3,2
"291",1,1,"(69,79]",0,2980.5893,1,NA
"292",0,0,"(0,29]",0,4380.2358,1,2
"293",1,0,"(29,39]",0,4517.7647,1,2
"294",NA,1,NA,0,3205.9446,1,NA
"295",NA,0,"(29,39]",0,4399.188,4,0
"296",NA,1,"(29,39]",0,3849.6381,4,0
"297",0,1,"(29,39]",0,2658.4106,1,1
"298",NA,1,"(29,39]",0,2658.4106,1,0
"299",0,1,"(39,49]",0,3144.8139,1,0
"300",0,0,"(49,59]",0,3404.5742,1,0
"301",1,0,"(39,49]",0,4042.2076,4,2
"302",1,1,"(39,49]",0,3576.0891,4,2
"303",NA,0,"(49,59]",0,3574.501,2,2
"304",NA,1,"(39,49]",0,4356.6622,2,0
"305",NA,0,"(0,29]",0,4325.8915,2,0
"306",1,0,"(59,69]",0,3556.682,NA,NA
"307",1,0,"(0,29]",0,4380.2358,1,2
"308",1,0,"(29,39]",0,4938.5337,1,2
"309",1,1,"(29,39]",0,4063.2127,1,2
"310",1,1,"(29,39]",0,2818.0014,1,2
"311",1,0,"(29,39]",0,3415.1685,1,2
"312",1,0,"(79,100]",0,3360.6473,1,2
"313",NA,1,"(0,29]",0,3395.8352,1,0
"314",1,0,"(79,100]",0,3804.9997,1,1
"315",1,1,"(79,100]",0,3418.9698,1,1
"316",1,1,"(59,69]",0,3232.3382,1,2
"317",1,0,"(59,69]",0,3707.9148,1,2
"318",1,1,"(29,39]",0,6925.1294,2,NA
"319",0,0,"(0,29]",0,3726.7624,1,0
"320",0,0,"(0,29]",0,3126.0394,3,0
"321",0,0,"(0,29]",0,3726.7624,1,0
"322",1,1,"(69,79]",0,3427.2976,4,0
"323",1,0,"(69,79]",0,2961.7609,4,0
"324",NA,1,"(0,29]",0,3314.583,1,2
"325",1,1,"(59,69]",0,3363.1364,1,2
"326",1,0,"(69,79]",0,3132.5185,1,2
"327",0,1,"(69,79]",0,3893.1029,4,0
"328",1,1,"(69,79]",0,2980.5893,1,0
"329",1,0,"(69,79]",0,3509.2088,1,0
"330",1,0,"(49,59]",0,4023.0494,1,2
"331",0,1,"(69,79]",0,2980.5893,1,2
"332",1,0,"(49,59]",0,3861.0311,4,0
"333",1,1,"(0,29]",0,4171.6746,4,1
"334",1,1,"(29,39]",0,2938.098,1,2
"335",1,0,"(29,39]",0,3118.7258,1,2
"336",0,0,"(39,49]",0,4216.1763,2,0
"337",NA,0,"(0,29]",0,7261.3164,2,0
"338",1,1,"(69,79]",0,3850.4188,2,1
"339",1,1,"(69,79]",0,3362.2609,1,2
"340",0,0,"(79,100]",0,3482.9338,1,2
"341",1,1,"(29,39]",0,3190.449,1,2
"342",1,0,"(29,39]",0,3909.5373,1,2
"343",1,1,"(39,49]",0,4159.7519,2,1
"344",1,0,"(0,29]",0,6432.2939,2,1
"345",1,0,"(39,49]",0,3826.2368,2,0
"346",0,1,"(29,39]",0,3063.9529,1,2
"347",1,0,"(29,39]",0,2669.9193,1,1
"348",1,1,"(29,39]",0,3398.2649,3,2
"349",1,1,"(0,29]",0,8219.0819,3,1
"350",NA,1,"(0,29]",0,4899.847,1,0
"351",1,0,"(0,29]",0,4711.0087,1,2
"352",1,1,"(0,29]",0,3601.3445,4,1
"353",1,1,"(39,49]",0,4590.6204,2,1
"354",1,0,"(39,49]",0,3799.2924,2,0
"355",1,0,"(49,59]",0,4155.5327,2,2
"356",1,1,"(49,59]",0,4138.7651,2,2
"357",1,1,"(0,29]",0,9498.5985,2,1
"358",1,0,"(59,69]",0,3190.2221,1,2
"359",1,1,"(59,69]",0,3214.5627,1,2
"360",1,1,"(69,79]",0,3022.4417,1,1
"361",1,0,"(79,100]",0,3074.3161,1,2
"362",1,1,"(0,29]",0,3314.583,1,2
"363",1,1,"(59,69]",0,3021.8462,1,0
"364",1,0,"(59,69]",0,3173.6941,1,0
"365",1,1,"(29,39]",0,4721.8363,2,2
"366",1,0,"(39,49]",0,3116.9115,1,2
"367",1,1,"(39,49]",0,2863.2994,1,1
"368",NA,1,"(59,69]",0,2924.6237,1,NA
"369",NA,0,NA,0,2916.2705,1,NA
"370",NA,0,NA,0,3173.6941,NA,NA
"371",NA,1,NA,0,3075.7922,1,2
"372",1,1,"(69,79]",0,3303.9415,1,2
"373",1,1,"(59,69]",0,3676.3673,1,2
"374",1,0,"(69,79]",0,3324.7309,2,0
"375",1,1,"(59,69]",0,3019.3067,2,0
"376",0,0,"(79,100]",0,3575.7975,2,1
"377",NA,0,"(39,49]",0,3768.5451,2,1
"378",1,0,"(39,49]",0,3701.2179,1,1
"379",1,1,"(39,49]",0,2998.0168,1,2
"380",1,1,"(69,79]",0,3190.3372,3,1
"381",1,0,"(79,100]",0,3004.6726,1,2
"382",1,1,"(59,69]",0,3713.26,2,0
"383",0,0,"(0,29]",0,3253.3172,1,1
"384",0,0,"(0,29]",0,3274.781,4,1
"385",1,1,"(49,59]",0,3104.3776,1,2
"386",NA,0,"(39,49]",0,3856.953,2,1
"387",NA,0,"(0,29]",0,4372.5334,2,1
"388",NA,1,"(0,29]",0,4640.1159,2,1
"389",1,1,"(59,69]",0,3817.0281,2,1
"390",1,0,"(59,69]",0,3832.4923,2,0
"391",NA,1,NA,0,4553.469,2,2
"392",1,1,"(59,69]",0,3276.5574,1,2
"393",1,1,"(69,79]",0,3335.0505,1,2
"394",0,1,"(0,29]",0,3634.196,1,0
"395",0,1,"(0,29]",0,3634.196,1,0
"396",0,1,"(0,29]",0,5072.2803,2,1
"397",1,1,"(49,59]",0,3261.3655,1,0
"398",1,0,"(49,59]",0,3680.2807,1,0
"399",1,0,"(29,39]",0,3605.6199,1,0
"400",NA,1,"(0,29]",0,3468.3115,1,2
"401",1,1,"(59,69]",0,2978.2872,1,0
"402",1,0,"(59,69]",0,3199.588,1,2
"403",NA,0,"(59,69]",0,3885.6905,2,0
"404",NA,1,"(59,69]",0,4137.6859,2,0
"405",1,1,"(39,49]",0,4159.7519,2,1
"406",0,0,"(49,59]",0,3894.2479,2,2
"407",NA,0,"(29,39]",0,2669.9193,1,2
"408",NA,1,"(29,39]",0,2986.9156,1,1
"409",1,0,"(59,69]",0,3800.2013,2,1
"410",1,1,"(59,69]",0,3424.6007,2,0
"411",0,1,"(0,29]",0,3055.5161,3,1
"412",0,0,"(0,29]",0,5415.437,2,1
"413",1,1,"(29,39]",0,4134.993,1,2
"414",1,0,"(29,39]",0,4517.7647,1,2
"415",1,0,"(39,49]",0,4325.277,1,2
"416",0,1,"(0,29]",0,3468.3115,1,0
"417",0,0,"(29,39]",0,3883.5132,1,0
"418",1,0,"(0,29]",0,3409.2377,1,1
"419",1,0,"(0,29]",0,3796.124,2,1
"420",1,0,"(0,29]",0,3796.124,2,1
"421",1,0,"(0,29]",0,3409.2377,1,1
"422",1,1,"(59,69]",0,3363.1364,1,2
"423",1,1,"(49,59]",0,3941.4752,2,2
"424",NA,1,"(49,59]",0,3817.0281,2,NA
"425",NA,0,"(69,79]",0,3212.1795,1,2
"426",NA,1,"(69,79]",0,3100.8874,1,2
"427",0,1,"(59,69]",0,2978.2872,1,2
"428",1,1,"(0,29]",0,7140.9919,2,1
"429",1,1,"(0,29]",0,3885.861,1,2
"430",1,0,"(0,29]",0,5330.6208,1,1
"431",0,0,"(79,100]",0,3029.1875,1,0
"432",0,0,"(49,59]",0,3820.2127,1,0
"433",0,1,"(0,29]",0,5345.6452,3,1
"434",0,0,"(49,59]",0,3756.3765,1,0
"435",0,1,"(39,49]",0,3437.711,1,0
"436",1,0,"(49,59]",0,3464.3654,1,2
"437",1,1,"(49,59]",0,3367.8885,1,2
"438",0,0,"(0,29]",0,4916.232,1,1
"439",0,1,"(0,29]",0,3496.6092,1,2
"440",NA,0,"(49,59]",0,3404.1375,3,2
"441",NA,1,"(49,59]",0,3056.0675,3,2
"442",1,1,"(29,39]",0,3063.9529,1,2
"443",1,0,"(29,39]",0,3754.5306,1,2
"444",1,1,"(0,29]",0,3314.583,1,2
"445",1,0,"(0,29]",0,3343.4477,1,2
"446",1,1,"(0,29]",0,3878.4589,1,2
"447",1,1,"(0,29]",0,3878.4589,1,2
"448",1,1,"(59,69]",0,3816.0328,2,1
"449",1,1,"(29,39]",0,4870.6975,2,1
"450",1,0,"(0,29]",0,3796.124,2,0
"451",0,1,"(0,29]",0,3967.5603,3,1
"452",1,1,"(79,100]",0,3112.6516,1,1
"453",1,1,"(59,69]",0,3390.5759,1,2
"454",0,0,"(39,49]",0,2874.6108,1,0
"455",0,0,"(0,29]",0,3343.3336,1,0
"456",1,1,"(69,79]",0,2644.8358,4,1
"457",0,0,"(0,29]",0,3557.9562,4,1
"458",0,0,"(39,49]",0,2689.3146,4,1
"459",0,0,"(29,39]",0,3031.9331,1,1
"460",1,0,"(0,29]",0,3250.4011,1,2
"461",1,1,"(0,29]",0,3704.1645,3,0
"462",NA,0,NA,0,3806.2403,1,1
"463",1,0,"(49,59]",0,3796.1404,1,2
"464",1,1,"(69,79]",0,3040.0729,1,2
"465",NA,1,"(39,49]",0,3989.9178,1,2
"466",NA,0,"(39,49]",0,3716.3302,1,2
"467",0,1,"(69,79]",0,3200.713,1,2
"468",0,0,"(39,49]",0,3435.8039,1,2
"469",1,1,"(39,49]",0,3057.2952,1,0
"470",0,1,"(0,29]",0,3455.8531,1,1
"471",0,1,"(0,29]",0,3371.79,1,0
"472",NA,1,"(49,59]",0,3232.8599,1,1
"473",NA,0,"(49,59]",0,3283.2543,1,0
"474",NA,0,"(29,39]",0,4392.0374,1,0
"475",1,0,"(39,49]",0,3716.3302,1,1
"476",0,1,"(39,49]",0,3989.9178,1,1
"477",0,0,"(29,39]",0,3175.1125,1,2
"478",0,1,"(39,49]",0,3397.3731,1,2
"479",0,0,"(49,59]",0,3512.3211,2,0
"480",NA,0,"(0,29]",0,3758.1551,1,1
"481",NA,1,"(0,29]",0,3725.7103,1,1
"482",1,0,"(29,39]",0,3540.3557,1,1
"483",NA,0,"(59,69]",0,3648.9739,1,2
"484",NA,1,"(49,59]",0,3737.8738,1,2
"485",1,0,"(59,69]",0,3965.4841,1,0
"486",1,1,"(59,69]",0,3300.8267,1,0
"487",1,0,"(59,69]",0,3347.5734,1,2
"488",1,1,"(69,79]",0,3425.0515,1,2
"489",0,1,"(49,59]",0,3259.2366,1,2
"490",0,0,"(49,59]",0,3310.0421,1,1
"491",1,0,"(49,59]",0,2965.3486,1,1
"492",1,0,"(39,49]",0,4239.2141,1,0
"493",0,1,"(29,39]",0,3643.062,1,1
"494",NA,1,NA,0,4712.8005,1,1
"495",0,1,"(29,39]",0,2605.5145,1,2
"496",0,1,"(0,29]",0,3058.698,1,0
"497",0,0,"(39,49]",0,3463.8363,1,2
"498",1,1,"(0,29]",0,3311.2379,1,0
"499",1,0,"(29,39]",0,2595.6167,1,0
"500",0,0,"(49,59]",0,3725.8359,2,0
"501",0,1,"(59,69]",0,3710.802,2,0
"502",0,0,"(49,59]",0,3725.8359,2,NA
"503",1,0,"(39,49]",0,3716.3302,1,0
"504",1,1,"(39,49]",0,3312.79,1,2
"505",0,1,"(49,59]",0,3942.4626,1,1
"506",1,0,"(49,59]",0,4136.7676,1,2
"507",1,1,"(39,49]",0,3369.8785,1,2
"508",1,1,"(49,59]",0,3621.8763,1,2
"509",1,0,"(49,59]",0,3862.5568,1,2
"510",1,0,"(49,59]",0,3858.0866,1,0
"511",1,1,"(49,59]",0,3785.6275,1,0
"512",1,0,"(0,29]",0,5526.0211,1,1
"513",NA,1,NA,0,3323.1758,1,NA
"514",1,1,"(49,59]",0,3158.0926,1,2
"515",1,0,"(0,29]",0,3701.5537,1,0
"516",1,1,"(79,100]",0,3014.5911,1,1
"517",NA,1,"(59,69]",0,3072.8377,1,2
"518",NA,1,"(0,29]",0,3354.3027,1,1
"519",NA,1,"(0,29]",0,3354.3027,1,1
"520",0,1,"(0,29]",0,3354.3027,1,0
"521",0,1,"(79,100]",0,3302.9468,1,2
"522",1,1,"(59,69]",0,3518.8629,2,0
"523",NA,1,"(59,69]",0,3846.012,1,0
"524",NA,0,"(49,59]",0,3796.1404,1,1
"525",NA,0,"(0,29]",0,5226.567,1,1
"526",1,0,"(59,69]",0,3678.7455,1,2
"527",1,1,"(49,59]",0,3768.3708,1,1
"528",1,1,"(49,59]",0,3017.9843,1,2
"529",1,0,"(49,59]",0,3577.8603,1,2
"530",1,0,"(79,100]",0,3383.9398,1,1
"531",NA,1,"(39,49]",0,3830.29,1,1
"532",1,0,"(49,59]",0,3630.4444,1,2
"533",1,1,"(0,29]",0,3878.2875,1,1
"534",1,1,"(39,49]",0,2892.3251,1,1
"535",1,0,"(49,59]",0,3336.8311,1,0
"536",1,0,"(49,59]",0,2898.3343,3,2
"537",1,1,"(49,59]",0,3138.2943,1,1
"538",1,0,"(0,29]",0,3308.589,3,0
"539",1,0,"(49,59]",0,3607.0517,1,2
"540",1,0,"(49,59]",0,2965.3486,1,1
"541",NA,1,NA,0,3042.1289,1,NA
"542",1,1,"(39,49]",0,3570.077,1,2
"543",1,0,"(39,49]",0,3143.5098,1,2
"544",1,1,"(0,29]",0,3050.6153,1,0
"545",0,1,"(29,39]",0,2697.2299,3,2
"546",0,0,"(0,29]",0,2802.7958,3,0
"547",1,1,"(49,59]",0,3132.5345,NA,0
"548",NA,1,NA,0,2962.3022,NA,NA
"549",NA,1,"(59,69]",0,3097.9088,NA,NA
"550",0,0,"(59,69]",0,3429.7184,1,0
"551",0,1,"(59,69]",0,3116.9528,1,1
"552",0,1,"(49,59]",0,3170.6033,1,1
"553",1,0,"(59,69]",0,2895.2919,1,1
"554",0,0,"(59,69]",0,3949.5292,1,0
"555",0,1,"(49,59]",0,3017.9843,1,1
"556",0,0,"(49,59]",0,3577.8603,1,0
"557",0,0,"(0,29]",0,2824.5679,1,0
"558",1,1,"(69,79]",0,2962.3022,1,2
"559",1,0,"(69,79]",0,3013.1444,1,2
"560",0,1,"(59,69]",0,3704.282,1,0
"561",NA,1,NA,0,3849.3741,NA,NA
"562",NA,NA,NA,0,4402.4866,NA,NA
"563",NA,NA,NA,0,5805.6862,NA,NA
"564",1,1,"(59,69]",0,4255.7542,2,1
"565",1,0,"(29,39]",0,5246.8568,2,0
"566",1,0,"(79,100]",0,2944.8866,1,1
"567",0,0,"(29,39]",0,2574.6107,1,2
"568",0,1,"(0,29]",0,3284.4404,1,2
"569",1,0,"(49,59]",0,4170.5191,1,2
"570",0,1,"(49,59]",0,3517.9019,1,2
"571",0,0,"(29,39]",0,2574.6107,1,1
"572",0,1,"(29,39]",0,2880.2911,1,1
"573",0,1,"(49,59]",0,3170.6033,1,0
"574",0,0,"(0,29]",0,3314.3602,1,1
"575",1,0,"(49,59]",0,4406.0764,3,2
"576",1,1,"(39,49]",0,2921.5357,3,1
"577",1,0,"(0,29]",0,3727.7408,1,1
"578",1,1,"(0,29]",0,3878.2875,1,1
"579",NA,0,NA,0,3972.5202,1,2
"580",NA,1,NA,0,3534.8836,1,2
"581",0,0,"(0,29]",0,3493.5825,1,0
"582",0,1,"(0,29]",0,4164.8924,1,0
"583",0,0,"(0,29]",0,5932.3575,1,1
"584",NA,0,"(39,49]",0,2771.9953,1,1
"585",0,0,"(29,39]",0,4094.848,2,1
"586",0,1,"(49,59]",0,3587.3462,1,0
"587",0,1,"(0,29]",0,3724.4546,1,0
"588",1,1,"(49,59]",0,3285.06,1,2
"589",1,0,"(49,59]",0,2989.5426,1,2
"590",1,0,"(0,29]",0,3250.4011,1,1
"591",1,0,"(59,69]",0,4264.7523,2,0
"592",1,0,"(0,29]",0,3250.4011,1,1
"593",0,1,"(29,39]",0,2879.6367,1,2
"594",NA,0,NA,0,3013.1444,1,NA
"595",1,1,"(39,49]",0,3057.2952,1,2
"596",0,0,"(69,79]",0,3483.836,1,0
"597",1,0,"(49,59]",0,2874.8784,3,1
"598",1,1,"(59,69]",0,2919.0262,1,1
"599",0,1,"(0,29]",0,3058.698,1,1
"600",1,0,"(49,59]",0,2989.5426,1,2
"601",1,1,"(39,49]",0,3570.077,1,2
"602",0,0,"(0,29]",0,2872.7261,1,0
"603",0,0,"(49,59]",0,3858.0866,1,1
"604",0,1,"(29,39]",0,3012.529,1,0
"605",0,1,"(79,100]",0,3485.5087,1,0
"606",1,0,"(49,59]",0,3713.898,1,2
"607",1,1,"(39,49]",0,3339.8188,1,2
"608",1,0,"(29,39]",0,6072.7454,2,2
"609",1,0,"(49,59]",0,3340.6973,1,1
"610",1,1,"(39,49]",0,3057.2952,1,2
"611",1,0,"(39,49]",0,3717.7349,1,1
"612",1,1,"(39,49]",0,2892.3251,1,0
"613",0,1,"(0,29]",0,3058.698,1,0
"614",1,0,"(69,79]",0,3457.0311,1,2
"615",1,1,"(49,59]",0,3132.5345,1,1
"616",1,0,"(49,59]",0,3340.6973,1,0
"617",1,0,"(49,59]",0,3688.5533,2,0
"618",1,1,"(49,59]",0,4128.0561,2,0
"619",1,0,"(59,69]",0,3016.9783,1,1
"620",1,1,"(59,69]",0,3097.9088,1,1
"621",0,1,"(0,29]",0,3381.6702,1,0
"622",0,0,"(0,29]",0,3250.4011,1,0
"623",1,1,"(29,39]",0,2506.1624,1,2
"624",0,0,"(59,69]",0,2858.2436,1,2
"625",0,1,"(59,69]",0,2843.2328,1,0
"626",1,1,"(59,69]",0,3613.2838,1,1
"627",1,0,"(69,79]",0,3726.0633,1,0
"628",0,1,"(59,69]",0,3327.7579,1,1
"629",0,0,"(39,49]",0,4194.2453,1,0
"630",0,1,"(59,69]",0,3347.7017,1,0
"631",1,1,"(49,59]",0,3259.2366,1,1
"632",NA,0,"(59,69]",0,3181.7203,1,1
"633",1,0,"(69,79]",0,3248.9384,1,2
"634",1,1,"(59,69]",0,3142.1538,1,0
"635",1,0,"(29,39]",0,4195.1503,1,0
"636",NA,1,"(69,79]",0,3040.0729,1,0
"637",1,1,"(59,69]",0,3142.3838,1,2
"638",1,1,"(49,59]",0,4094.6482,2,1
"639",1,1,"(29,39]",0,2605.5145,1,1
"640",1,0,"(39,49]",0,4239.2141,1,2
"641",1,1,"(49,59]",0,3437.6276,1,0
"642",NA,0,"(49,59]",0,3984.3229,1,2
"643",NA,1,"(49,59]",0,3530.7995,1,1
"644",0,1,"(29,39]",0,4395.6867,2,0
"645",NA,1,"(59,69]",0,2911.5259,2,NA
"646",NA,1,NA,0,4611.8826,NA,NA
"647",NA,0,NA,0,4430.0867,1,NA
"648",0,0,"(49,59]",0,3664.5448,2,2
"649",0,1,"(39,49]",0,3885.3448,2,2
"650",1,0,"(59,69]",0,3790.8162,1,1
"651",NA,0,"(0,29]",0,5130.8529,1,0
"652",NA,1,"(0,29]",0,4611.8826,1,0
"653",NA,1,"(69,79]",0,3653.4986,2,0
"654",1,0,"(49,59]",0,3607.0517,1,2
"655",NA,1,"(39,49]",0,2924.1512,1,2
"656",1,0,"(39,49]",0,4011.5838,2,2
"657",1,1,"(49,59]",0,3803.1205,2,2
"658",1,1,"(0,29]",0,4612.7359,2,1
"659",1,0,"(69,79]",0,3520.9691,1,1
"660",1,1,"(69,79]",0,3241.9232,1,NA
"661",0,0,"(49,59]",0,3165.5636,1,0
"662",0,1,"(39,49]",0,2900.4864,1,0
"663",1,1,"(29,39]",0,2860.5452,1,2
"664",1,0,"(49,59]",0,2965.3486,1,1
"665",1,1,"(69,79]",0,3393.4254,1,0
"666",1,1,"(59,69]",0,3159.8844,2,1
"667",1,0,"(59,69]",0,3508.8598,2,0
"668",0,1,"(39,49]",0,3534.8836,1,0
"669",1,0,"(49,59]",0,3862.5568,1,0
"670",1,0,"(59,69]",0,4272.9958,2,0
"671",0,1,"(59,69]",0,4255.7542,2,0
"672",1,1,"(69,79]",0,3365.9628,1,1
"673",1,0,"(69,79]",0,3581.3848,1,1
"674",1,0,"(49,59]",0,3309.8265,1,2
"675",1,1,"(49,59]",0,3247.6643,1,2
"676",0,0,"(0,29]",0,5130.8529,1,0
"677",NA,1,"(0,29]",0,4611.8826,1,0
"678",1,0,"(49,59]",0,4069.1447,1,1
"679",1,1,"(59,69]",0,3442.7113,1,0
"680",1,0,"(39,49]",0,2794.6118,1,1
"681",1,1,"(39,49]",0,2567.224,1,1
"682",1,1,"(0,29]",0,3381.6702,1,1
"683",0,0,"(0,29]",0,3758.1551,1,1
"684",0,1,"(0,29]",0,3725.7103,1,1
"685",0,1,"(39,49]",0,4082.6241,2,0
"686",0,0,"(39,49]",0,4311.0409,2,1
"687",0,0,"(0,29]",0,5235.7454,2,0
"688",1,0,"(49,59]",0,2989.5426,1,1
"689",1,1,"(49,59]",0,3138.2943,1,2
"690",NA,1,"(39,49]",0,2914.5834,1,1
"691",1,0,"(29,39]",0,3175.1125,1,2
"692",1,1,"(29,39]",0,3189.0966,1,2
"693",1,0,"(29,39]",0,4850.4862,1,2
"694",1,1,"(49,59]",0,2991.5592,4,1
"695",1,0,"(39,49]",0,4311.0409,2,2
"696",NA,0,"(39,49]",0,3118.0697,1,2
"697",NA,1,"(29,39]",0,2506.1624,1,1
"698",1,0,"(49,59]",0,3607.0517,1,2
"699",1,1,"(49,59]",0,3042.6078,1,2
"700",NA,0,"(0,29]",0,3226.9133,3,0
"701",1,1,"(59,69]",0,3269.5419,1,0
"702",1,0,"(69,79]",0,2948.4201,1,1
"703",NA,1,"(79,100]",0,3486.5247,1,0
"704",1,1,"(0,29]",0,3770.5233,1,2
"705",NA,0,"(39,49]",0,3463.8363,1,2
"706",NA,1,"(39,49]",0,3082.2394,1,2
"707",1,0,"(39,49]",0,3687.6477,1,1
"708",1,0,"(69,79]",0,3206.0473,2,2
"709",1,1,"(59,69]",0,2911.5259,2,2
"710",1,1,"(29,39]",0,2860.5452,1,2
"711",1,0,"(29,39]",0,3775.4368,1,2
"712",1,1,"(39,49]",0,3534.8836,1,1
"713",1,0,"(49,59]",0,3826.8635,1,0
"714",0,1,"(79,100]",0,3126.8569,3,0
"715",0,1,"(29,39]",0,3163.2876,1,2
"716",1,0,"(39,49]",0,3525.447,3,0
"717",1,1,"(59,69]",0,4772.911,2,2
"718",1,0,"(49,59]",0,4264.7523,2,2
"719",0,1,"(29,39]",0,2860.5452,1,2
"720",0,0,"(29,39]",0,3505.2773,1,2
"721",0,1,"(0,29]",0,3222.3398,1,1
"722",0,0,"(0,29]",0,3250.4011,1,2
"723",1,1,"(59,69]",0,3072.8377,1,1
"724",1,1,"(39,49]",0,2968.2571,1,1
"725",1,1,"(69,79]",0,3393.4254,1,2
"726",1,1,"(49,59]",0,3170.6033,1,2
"727",1,0,"(49,59]",0,3841.4107,1,2
"728",1,1,"(0,29]",0,3222.3398,1,1
"729",0,0,"(29,39]",0,3008.8084,1,0
"730",NA,1,"(39,49]",0,3219.4275,1,0
"731",1,1,"(49,59]",0,3517.9019,1,2
"732",1,0,"(59,69]",0,3997.8381,1,2
"733",1,1,"(0,29]",0,4118.2956,1,1
"734",1,1,"(0,29]",0,4395.096,1,1
"735",1,1,"(79,100]",0,3480.4386,2,0
"736",1,0,"(29,39]",0,4161.1994,1,2
"737",0,1,"(29,39]",0,4019.9182,1,2
"738",0,0,"(59,69]",0,3965.4841,1,2
"739",1,0,"(29,39]",0,3505.2773,1,1
"740",1,1,"(29,39]",0,2860.5452,1,1
"741",0,0,"(29,39]",0,4402.4866,2,1
"742",0,1,"(0,29]",0,3930.3142,1,0
"743",1,0,"(49,59]",0,2989.5426,1,1
"744",1,1,"(49,59]",0,3285.06,1,1
"745",1,1,"(0,29]",0,3371.79,1,2
"746",1,0,"(29,39]",0,2825.7996,4,2
"747",1,1,"(39,49]",0,2938.3633,1,2
"748",0,0,"(29,39]",0,4427.8717,1,1
"749",0,1,"(0,29]",0,6833.027,4,0
"750",NA,1,"(49,59]",0,3768.3708,1,0
"751",NA,0,"(69,79]",0,3404.9154,1,0
"752",0,1,"(49,59]",0,3767.4895,1,1
"753",0,0,"(29,39]",0,3056.6704,1,2
"754",1,1,"(39,49]",0,3404.6191,1,2
"755",1,0,"(49,59]",0,3685.8392,1,2
"756",NA,0,NA,0,4167.8292,1,NA
"757",0,1,"(49,59]",0,3017.9843,1,0
"758",0,0,"(49,59]",0,3577.8603,1,0
"759",1,1,"(59,69]",0,2854.8611,1,2
"760",1,0,"(59,69]",0,3429.7184,1,1
"761",1,1,"(39,49]",0,3541.1848,1,1
"762",1,1,"(69,79]",0,3302.9468,1,1
"763",0,0,"(49,59]",0,3826.8635,1,1
"764",0,1,"(0,29]",0,3770.5233,1,2
"765",1,1,"(49,59]",0,3138.2943,1,1
"766",1,0,"(29,39]",0,3062.028,1,0
"767",1,1,"(69,79]",0,3452.2717,2,2
"768",1,0,"(29,39]",0,3534.1612,1,2
"769",1,1,"(29,39]",0,2921.2987,1,2
"770",1,0,"(49,59]",0,3841.4107,1,2
"771",1,1,"(49,59]",0,3170.6033,1,2
"772",1,1,"(29,39]",0,2880.2911,1,1
"773",NA,1,"(49,59]",0,3138.2943,1,1
"774",NA,0,"(39,49]",0,3143.5098,1,0
"775",1,1,"(69,79]",0,3001.5386,1,0
"776",0,1,"(39,49]",0,3541.1848,1,1
"777",1,0,"(39,49]",0,3906.6858,2,1
"778",1,1,"(39,49]",0,3353.5793,1,1
"779",0,0,"(49,59]",0,3302.2269,1,0
"780",0,0,"(59,69]",0,2992.5622,1,0
"781",1,1,"(49,59]",0,3258.4743,1,0
"782",1,0,"(59,69]",0,4382.99,1,2
"783",1,1,"(59,69]",0,3846.012,1,2
"784",0,0,"(0,29]",0,3686.6812,1,1
"785",0,1,"(29,39]",0,3357.4003,1,1
"786",NA,1,"(59,69]",0,3846.012,1,0
"787",1,1,"(69,79]",0,3393.4254,1,2
"788",0,1,"(79,100]",0,3849.3741,2,1
"789",0,0,"(79,100]",0,3594.4163,2,0
"790",1,1,"(79,100]",0,3001.5386,1,1
"791",1,0,"(59,69]",0,3016.9783,1,0
"792",1,1,"(49,59]",0,3285.06,1,0
"793",0,0,"(49,59]",0,3340.6973,1,0
"794",0,1,"(49,59]",0,3247.7145,4,1
"795",1,0,"(69,79]",0,2944.8866,1,0
"796",NA,0,"(39,49]",0,3435.8039,1,1
"797",NA,1,"(39,49]",0,2868.9179,1,2
"798",0,1,"(0,29]",0,4575.4055,2,0
"799",1,0,"(0,29]",0,3561.3128,1,0
"800",1,1,"(29,39]",0,3155.0836,1,0
"801",1,0,"(49,59]",0,3858.0866,1,1
"802",1,1,"(49,59]",0,3785.6275,1,0
"803",1,1,"(69,79]",0,3485.5087,1,0
"804",NA,0,NA,0,3411.5491,NA,NA
"805",1,0,"(59,69]",0,3965.4841,1,2
"806",1,1,"(59,69]",0,3300.8267,1,2
"807",1,1,"(69,79]",0,3393.4254,1,1
"808",1,1,"(79,100]",0,3515.6126,1,1
"809",1,1,"(79,100]",0,3015.4699,1,2
"810",1,0,"(69,79]",0,3383.9398,1,0
"811",1,1,"(59,69]",0,3296.2178,1,2
"812",1,0,"(69,79]",0,3013.1444,1,2
"813",0,1,"(79,100]",0,3040.0729,1,0
"814",1,1,"(39,49]",0,2914.5834,1,1
"815",1,0,"(39,49]",0,2607.8298,1,1
"816",0,1,"(69,79]",0,3350.2893,1,1
"817",1,0,"(29,39]",0,3001.0851,1,2
"818",NA,0,"(59,69]",0,4134.0994,1,NA
"819",NA,1,"(49,59]",0,3665.8919,1,NA
"820",1,0,"(39,49]",0,4004.9317,1,2
"821",1,0,"(69,79]",0,3492.4743,1,1
"822",1,1,"(59,69]",0,3245.0168,1,0
"823",1,0,"(39,49]",0,4160.3017,1,2
"824",1,1,"(29,39]",0,3163.2876,1,2
"825",NA,1,"(59,69]",0,3072.8377,1,0
"826",NA,1,"(0,29]",0,3354.3027,1,2
"827",NA,0,"(49,59]",0,3336.8311,1,2
"828",NA,1,"(49,59]",0,3274.1617,1,2
"829",1,0,"(69,79]",0,3655.6853,1,2
"830",1,1,"(69,79]",0,3365.9628,1,0
"831",1,1,"(29,39]",0,3302.5276,1,1
"832",1,0,"(29,39]",0,3511.704,1,0
"833",NA,1,"(69,79]",0,3272.1374,1,1
"834",0,1,"(59,69]",0,3710.802,2,1
"835",1,0,"(69,79]",0,3222.6451,1,2
"836",1,1,"(59,69]",0,3125.103,1,2
"837",0,0,"(39,49]",0,3746.6514,1,2
"838",1,1,"(39,49]",0,3339.8188,1,2
"839",1,1,"(0,29]",0,3770.5233,1,2
"840",NA,1,"(0,29]",0,3480.0619,3,2
"841",1,1,"(59,69]",0,3747.0813,2,1
"842",NA,0,"(59,69]",0,4047.8294,2,1
"843",NA,0,"(79,100]",0,3406.1501,2,0
"844",1,1,"(39,49]",0,4350.8798,2,2
"845",1,0,"(39,49]",0,4311.0409,2,1
"846",0,1,"(0,29]",0,6777.2744,2,1
"847",0,0,"(49,59]",0,3231.273,4,2
"848",0,1,"(49,59]",0,2881.7814,4,1
"849",0,0,"(0,29]",0,3209.6205,4,2
"850",1,1,"(0,29]",0,4510.9837,2,2
"851",1,0,"(0,29]",0,6457.7819,2,2
"852",1,1,"(49,59]",0,3158.0926,1,1
"853",0,0,"(59,69]",0,3512.3211,NA,2
"854",1,1,"(69,79]",0,3015.4699,1,1
"855",1,0,"(69,79]",0,2921.054,1,2
"856",1,1,"(59,69]",0,3296.2178,NA,NA
"857",1,0,"(29,39]",0,3062.028,1,NA
"858",1,0,"(59,69]",0,2992.5622,1,2
"859",1,0,"(59,69]",0,3821.7452,1,1
"860",1,1,"(49,59]",0,3259.2366,1,2
"861",1,0,"(49,59]",0,3894.0711,1,0
"862",1,1,"(49,59]",0,3651.4269,1,0
"863",1,1,"(39,49]",0,3563.7245,1,1
"864",1,0,"(29,39]",0,4161.1994,1,2
"865",0,1,"(59,69]",0,2878.1536,1,2
"866",0,0,"(59,69]",0,3457.7012,1,1
"867",1,1,"(29,39]",0,2758.2265,1,2
"868",1,1,"(49,59]",0,3042.6078,1,1
"869",1,0,"(29,39]",0,2746.1318,1,0
"870",1,1,"(39,49]",0,4115.9339,2,1
"871",0,0,"(0,29]",0,5278.4635,2,0
"872",1,0,"(49,59]",0,3577.8603,1,2
"873",0,0,"(39,49]",0,2607.8298,1,2
"874",1,1,"(29,39]",0,3022.06,1,0
"875",1,1,"(49,59]",0,3138.2943,1,1
"876",1,0,"(59,69]",0,3016.9783,1,1
"877",1,0,"(39,49]",0,3118.0697,1,2
"878",1,1,"(49,59]",0,3112.8964,1,2
"879",1,1,"(0,29]",0,3025.927,1,0
"880",1,0,"(0,29]",0,3223.986,1,1
"881",1,1,"(49,59]",0,3158.0926,1,1
"882",1,0,"(49,59]",0,3725.8359,2,2
"883",1,1,"(39,49]",0,3775.4872,4,2
"884",1,0,"(49,59]",0,3045.763,4,2
"885",1,1,"(59,69]",0,3300.8267,1,2
"886",1,0,"(59,69]",0,4134.0994,1,2
"887",1,1,"(69,79]",0,3830.2956,1,1
"888",1,1,"(39,49]",0,3570.077,1,NA
"889",1,0,"(49,59]",0,3165.5636,1,NA
"890",NA,1,"(29,39]",0,2897.6569,1,2
"891",NA,0,"(39,49]",0,3205.0162,1,0
"892",NA,0,"(0,29]",0,3294.6021,1,1
"893",NA,0,"(0,29]",0,3294.6021,1,1
"894",0,0,"(0,29]",0,3701.5537,1,0
"895",0,1,"(39,49]",0,2892.3251,1,1
"896",NA,0,"(59,69]",0,3575.5526,1,1
"897",NA,1,"(49,59]",0,3017.9843,1,1
"898",1,0,"(49,59]",0,3841.4107,1,NA
"899",0,1,"(59,69]",0,3116.9528,1,NA
"900",1,1,"(69,79]",0,3830.2956,1,0
"901",1,0,"(69,79]",0,3404.9154,1,0
"902",1,1,"(59,69]",0,3780.286,1,0
"903",1,0,"(69,79]",0,3409.0009,1,1
"904",1,0,"(59,69]",0,3575.5526,1,2
"905",1,1,"(59,69]",0,3116.9528,1,1
"906",1,0,"(59,69]",0,3596.4517,1,1
"907",1,1,"(69,79]",0,3653.4986,2,0
"908",1,0,"(69,79]",0,4056.9884,2,1
"909",0,1,"(29,39]",0,4456.3287,4,0
"910",NA,0,"(29,39]",0,4863.6159,2,0
"911",1,0,"(39,49]",0,3118.0697,1,0
"912",1,1,"(39,49]",0,3541.1848,1,1
"913",0,0,"(0,29]",0,3223.986,1,0
"914",0,1,"(29,39]",0,6143.7803,2,2
"915",0,0,"(49,59]",0,3785.8728,2,0
"916",1,0,"(49,59]",0,3656.2483,1,2
"917",1,1,"(49,59]",0,3600.1289,1,2
"918",0,0,"(69,79]",0,4465.7639,4,0
"919",0,0,"(29,39]",0,7371.2303,4,0
"920",0,0,"(29,39]",0,5119.5617,1,NA
"921",0,1,"(29,39]",0,4685.8022,1,NA
"922",1,0,"(59,69]",0,3291.6457,2,1
"923",1,1,"(59,69]",0,4290.4765,2,1
"924",0,0,"(39,49]",0,3781.7568,3,1
"925",0,1,"(39,49]",0,2921.5357,3,0
"926",NA,1,"(29,39]",0,2860.5452,1,0
"927",NA,0,"(0,29]",0,4223.8737,1,0
"928",1,1,"(0,29]",0,3196.2617,1,2
"929",1,0,"(0,29]",0,3224.096,1,1
"930",1,0,"(0,29]",0,6214.0401,NA,NA
"931",1,1,"(59,69]",0,3633.2641,1,1
"932",1,0,"(59,69]",0,4167.8292,1,0
"933",1,0,"(69,79]",0,3964.7156,1,2
"934",1,1,"(69,79]",0,3323.1758,1,2
"935",1,0,"(59,69]",0,3304.7376,1,2
"936",1,1,"(59,69]",0,4879.6299,4,2
"937",0,0,"(0,29]",0,3224.096,1,1
"938",0,1,"(0,29]",0,3354.3027,1,1
"939",0,1,"(0,29]",0,3455.8531,1,0
"940",0,0,"(29,39]",0,3775.4368,1,1
"941",NA,0,NA,0,3461.7867,4,2
"942",NA,1,"(39,49]",0,3082.2394,NA,2
"943",1,0,"(59,69]",0,2835.1121,1,2
"944",1,1,"(59,69]",0,2820.2228,1,2
"945",0,0,"(49,59]",0,4259.3048,1,1
"946",0,1,"(0,29]",0,4056.5208,3,1
"947",0,1,"(29,39]",0,3551.5749,3,0
"948",NA,0,NA,0,3062.028,NA,NA
"949",1,0,"(59,69]",0,3145.1949,3,2
"950",0,1,"(49,59]",0,2511.715,3,2
"951",1,1,"(39,49]",0,2892.3251,1,2
"952",1,0,"(39,49]",0,3717.7349,1,2
"953",1,0,"(59,69]",0,3457.7012,1,1
"954",1,1,"(69,79]",0,2897.6409,1,2
"955",NA,1,"(59,69]",0,3097.9088,1,0
"956",NA,1,"(39,49]",0,3859.9601,4,2
"957",NA,0,"(39,49]",0,4014.3516,4,0
"958",0,1,"(69,79]",0,3358.6553,1,0
"959",1,1,"(39,49]",0,3339.8188,1,2
"960",1,0,"(49,59]",0,3310.0421,1,2
"961",0,1,"(69,79]",0,3393.4254,1,1
"962",NA,0,"(39,49]",0,3717.7349,1,2
"963",NA,1,"(39,49]",0,2654.7205,3,1
"964",1,0,"(59,69]",0,3693.577,4,0
"965",0,1,"(59,69]",0,3664.3049,4,0
"966",1,0,"(59,69]",0,2895.5826,1,0
"967",1,1,"(59,69]",0,3072.8377,1,1
"968",1,1,"(49,59]",0,3517.9019,1,2
"969",1,0,"(49,59]",0,4170.5191,1,0
"970",NA,0,"(0,29]",0,3863.3714,1,2
"971",1,0,"(29,39]",0,2574.6107,1,2
"972",1,1,"(0,29]",0,3284.4404,1,2
"973",0,0,"(29,39]",0,2843.8961,1,1
"974",1,1,"(69,79]",0,2962.3022,1,0
"975",1,0,"(29,39]",0,3511.704,1,2
"976",1,1,"(39,49]",0,3950.9827,2,1
"977",0,1,"(0,29]",0,5648.4113,2,1
"978",1,0,"(59,69]",0,2858.2436,1,0
"979",1,1,"(59,69]",0,2919.0262,1,1
"980",0,0,"(49,59]",0,3660.0649,1,1
"981",1,1,"(49,59]",0,3628.5358,1,0
"982",0,1,"(0,29]",0,3909.9301,1,1
"983",1,1,"(69,79]",0,3498.732,1,1
"984",1,0,"(69,79]",0,3483.836,1,0
"985",0,0,"(0,29]",0,3758.027,1,0
"986",0,1,"(59,69]",0,3613.2838,1,0
"987",0,0,"(59,69]",0,4382.99,1,0
"988",1,1,"(59,69]",0,3480.4386,2,2
"989",NA,1,"(49,59]",0,3232.8599,1,2
"990",NA,0,"(59,69]",0,3155.971,1,2
"991",NA,1,"(0,29]",0,4611.8826,1,2
"992",NA,0,"(0,29]",0,5130.8529,1,2
"993",0,1,"(0,29]",0,3222.3398,1,1
"994",0,0,"(29,39]",0,3062.028,1,2
"995",0,0,"(79,100]",0,2988.7594,1,0
"996",0,1,"(69,79]",0,3001.5386,1,0
"997",0,0,"(29,39]",0,2574.6107,1,2
"998",1,1,"(39,49]",0,4613.1938,1,2
"999",0,0,"(39,49]",0,4861.7665,1,2
"1000",1,0,"(39,49]",0,4194.2453,1,1
"1001",0,1,"(39,49]",0,3397.3731,1,2
"1002",1,1,"(79,100]",0,3302.9468,1,0
"1003",1,1,"(59,69]",0,2854.8611,1,1
"1004",1,0,"(49,59]",0,3841.4107,1,NA
"1005",1,1,"(29,39]",0,4395.6867,2,1
"1006",0,1,"(49,59]",0,3409.8073,1,1
"1007",0,0,"(49,59]",0,3283.2543,1,0
"1008",1,0,"(39,49]",0,3689.6509,2,1
"1009",1,1,"(39,49]",0,3989.9178,1,2
"1010",0,1,"(0,29]",0,6245.6922,2,1
"1011",1,1,"(59,69]",0,3097.9088,1,0
"1012",1,0,"(59,69]",0,3016.9783,1,0
"1013",1,1,"(79,100]",0,3026.028,1,0
"1014",NA,0,"(59,69]",0,3101.4397,1,0
"1015",NA,1,"(69,79]",0,3015.4699,1,0
"1016",1,1,"(39,49]",0,4650.8325,1,2
"1017",1,0,"(39,49]",0,4331.9261,1,1
"1018",1,1,"(0,29]",0,4934.6294,1,1
"1019",1,1,"(39,49]",0,3570.077,1,2
"1020",1,0,"(79,100]",0,3455.6417,1,0
"1021",1,0,"(49,59]",0,3165.5636,1,1
"1022",1,1,"(39,49]",0,3570.077,1,2
"1023",NA,0,"(0,29]",0,3250.2903,1,1
"1024",0,0,"(39,49]",0,3049.1336,3,2
"1025",1,1,"(29,39]",0,3307.3988,1,1
"1026",1,0,"(69,79]",0,3256.8033,1,1
"1027",1,1,"(59,69]",0,3360.3133,1,2
"1028",1,1,"(69,79]",0,3040.0729,1,2
"1029",1,0,"(79,100]",0,2944.8866,1,2
"1030",1,0,"(69,79]",0,2948.4201,1,0
"1031",0,0,"(29,39]",0,3037.2473,1,1
"1032",1,1,"(29,39]",0,2856.3322,1,2
"1033",0,0,"(29,39]",0,3533.8765,1,0
"1034",0,1,"(29,39]",0,2605.5145,1,2
"1035",0,0,"(0,29]",0,3976.1177,4,0
"1036",0,1,"(59,69]",0,3418.1711,4,0
"1037",0,0,"(59,69]",0,3693.577,4,0
"1038",NA,1,"(29,39]",0,2910.2504,4,NA
"1039",NA,0,"(0,29]",0,4151.3373,4,0
"1040",NA,0,"(39,49]",0,2800.1138,4,0
"1041",0,1,"(49,59]",0,2841.4282,4,0
"1042",1,0,"(39,49]",0,2607.8298,1,NA
"1043",0,1,"(39,49]",0,2914.5834,1,NA
"1044",1,1,"(79,100]",0,3653.4986,2,0
"1045",1,0,"(59,69]",0,4264.7523,2,0
"1046",1,1,"(49,59]",0,4397.2163,2,0
"1047",NA,0,"(29,39]",0,6385.4534,2,0
"1048",0,0,"(69,79]",0,3291.6457,2,0
"1049",0,1,"(39,49]",0,3339.8188,1,2
"1050",0,0,"(39,49]",0,3746.6514,1,2
"1051",1,1,"(29,39]",0,2879.6367,1,2
"1052",1,0,"(49,59]",0,2965.3486,1,1
"1053",1,1,"(49,59]",0,3112.8964,1,0
"1054",NA,1,"(0,29]",0,3311.2379,1,2
"1055",NA,0,"(0,29]",0,2813.7049,3,2
"1056",NA,1,"(59,69]",0,2820.2228,1,2
"1057",NA,0,"(69,79]",0,3097.5137,1,2
"1058",NA,0,"(29,39]",0,3806.2403,1,2
"1059",NA,1,"(29,39]",0,2883.8842,1,2
"1060",1,1,"(79,100]",0,3014.5911,1,1
"1061",1,0,"(39,49]",0,3435.8039,NA,2
"1062",1,1,"(39,49]",0,2868.9179,NA,2
"1063",1,1,"(49,59]",0,3158.0926,1,0
"1064",1,0,"(49,59]",0,3336.8311,1,0
"1065",1,0,"(79,100]",0,3483.836,1,2
"1066",1,1,"(69,79]",0,3498.732,1,1
"1067",0,1,"(39,49]",0,3570.077,1,1
"1068",0,1,"(0,29]",0,3381.6702,1,0
"1069",0,0,"(0,29]",0,3250.2903,1,0
"1070",0,0,"(39,49]",0,3143.5098,1,0
"1071",NA,1,"(0,29]",0,3995.7014,1,1
"1072",NA,0,NA,0,3567.346,1,0
"1073",0,1,"(59,69]",0,2961.7185,1,1
"1074",0,0,"(29,39]",0,3376.3758,1,0
"1075",NA,0,"(29,39]",0,3382.2937,1,0
"1076",1,0,"(59,69]",0,3126.7441,1,2
"1077",1,1,"(49,59]",0,3112.8964,1,1
"1078",1,0,"(39,49]",0,3557.8841,3,1
"1079",1,1,"(49,59]",0,3132.5345,1,0
"1080",1,0,"(59,69]",0,3085.3717,1,0
"1081",1,0,"(49,59]",0,3340.6973,1,1
"1082",0,1,"(59,69]",0,2820.2228,1,1
"1083",0,0,"(29,39]",0,3775.4368,1,0
"1084",0,1,"(69,79]",0,3480.4386,2,1
"1085",1,1,"(69,79]",0,3799.2974,1,0
"1086",1,0,"(69,79]",0,3377.3598,1,2
"1087",1,1,"(39,49]",0,3861.541,1,2
"1088",1,0,"(49,59]",0,4294.0561,1,0
"1089",NA,1,"(39,49]",0,4011.2604,2,0
"1090",NA,0,"(39,49]",0,3689.6509,2,0
"1091",1,0,"(49,59]",0,3713.898,1,1
"1092",1,1,"(39,49]",0,4022.4713,1,2
"1093",NA,0,NA,0,3435.8039,1,2
"1094",NA,1,NA,0,2868.9179,1,2
"1095",1,1,"(49,59]",0,3170.6033,1,2
"1096",1,0,"(49,59]",0,3841.4107,1,2
"1097",0,0,"(0,29]",0,3314.3602,1,1
"1098",1,1,"(79,100]",0,3040.6279,1,0
"1099",NA,0,"(49,59]",0,2898.3343,3,1
"1100",NA,1,"(39,49]",0,3594.5893,3,1
"1101",NA,0,"(0,29]",0,3308.589,3,0
"1102",NA,0,"(0,29]",0,3108.1198,3,1
"1103",NA,1,NA,0,3142.1538,1,NA
"1104",NA,0,NA,0,4427.8717,1,NA
"1105",1,1,"(59,69]",0,3179.1874,1,2
"1106",1,0,"(59,69]",0,3819.3514,1,1
"1107",NA,1,"(69,79]",0,3425.0515,1,0
"1108",NA,0,"(69,79]",0,3436.8147,1,0
"1109",1,1,"(69,79]",0,2935.2809,2,0
"1110",1,0,"(59,69]",0,4074.349,2,1
"1111",1,0,"(59,69]",0,3085.3717,1,2
"1112",1,1,"(59,69]",0,2937.7497,1,2
"1113",0,1,"(39,49]",0,2968.2571,1,2
"1114",0,0,"(29,39]",0,3534.1612,1,1
"1115",0,0,"(69,79]",0,3685.5118,1,0
"1116",0,1,"(69,79]",0,3393.4254,1,0
"1117",0,1,"(29,39]",0,4052.7164,1,1
"1118",0,0,"(0,29]",0,4557.3016,1,0
"1119",1,1,"(0,29]",0,4712.8005,1,2
"1120",0,0,"(69,79]",0,3912.5543,1,0
"1121",0,1,"(79,100]",0,3515.6126,1,2
"1122",1,0,"(59,69]",0,3155.971,1,1
"1123",1,1,"(49,59]",0,3232.8599,1,1
"1124",0,0,"(39,49]",0,3143.5098,1,0
"1125",0,1,"(39,49]",0,3570.077,1,0
"1126",1,0,"(59,69]",0,2871.8607,1,0
"1127",1,1,"(59,69]",0,3042.1289,1,2
"1128",1,1,"(0,29]",0,6998.9029,2,2
"1129",1,0,"(0,29]",0,5307.6824,2,2
"1130",NA,0,"(49,59]",0,3336.8311,1,1
"1131",NA,1,"(39,49]",0,3082.2394,1,1
"1132",NA,0,"(0,29]",0,4779.4156,1,0
"1133",1,0,"(59,69]",0,2895.2919,1,2
"1134",0,0,"(29,39]",0,5598.4977,4,2
"1135",0,1,"(0,29]",0,8055.5414,3,2
"1136",1,1,"(59,69]",0,3546.0459,1,2
"1137",1,0,"(59,69]",0,3375.2248,1,0
"1138",1,1,"(49,59]",0,3138.2943,1,2
"1139",1,0,"(49,59]",0,3165.5636,1,0
"1140",NA,1,"(0,29]",0,3381.6702,1,0
"1141",1,1,"(79,100]",0,3514.971,1,0
"1142",1,1,"(49,59]",0,3409.8073,1,2
"1143",NA,1,"(29,39]",0,3046.7168,1,2
"1144",NA,0,"(39,49]",0,2904.0923,1,2
"1145",NA,0,"(29,39]",0,3157.5456,3,2
"1146",1,1,"(59,69]",0,2895.4029,1,0
"1147",NA,1,"(0,29]",0,3371.79,1,0
"1148",1,1,"(39,49]",0,2924.1512,1,2
"1149",1,0,"(69,79]",0,3685.5118,1,2
"1150",1,1,"(69,79]",0,3393.4254,1,2
"1151",0,1,"(29,39]",0,3159.7373,1,1
"1152",1,1,"(59,69]",0,3142.3838,1,1
"1153",1,0,"(39,49]",0,3627.5723,1,1
"1154",1,1,"(0,29]",0,3561.884,1,1
"1155",1,1,"(49,59]",0,3158.0926,1,2
"1156",1,1,"(69,79]",0,3365.9628,1,0
"1157",1,0,"(69,79]",0,3655.6853,1,0
"1158",1,0,"(39,49]",0,4600.7074,2,2
"1159",1,1,"(39,49]",0,4516.361,2,2
"1160",1,0,"(0,29]",0,4484.4623,2,0
"1161",NA,0,NA,0,3965.4841,1,NA
"1162",NA,1,NA,0,3300.8267,1,NA
"1163",0,1,"(59,69]",0,2854.8611,1,2
"1164",1,0,"(59,69]",0,3429.7184,1,2
"1165",0,1,"(0,29]",0,3995.7014,1,0
"1166",1,0,"(0,29]",0,4883.6965,1,0
"1167",NA,0,"(39,49]",0,3435.8039,1,0
"1168",NA,1,"(39,49]",0,3057.2952,1,0
"1169",0,1,"(49,59]",0,3437.6276,1,0
"1170",0,1,"(69,79]",0,3810.3472,4,1
"1171",0,0,"(49,59]",0,4496.0628,4,0
"1172",NA,0,NA,0,3984.3229,1,1
"1173",NA,1,NA,0,3471.0541,1,1
"1174",0,1,"(29,39]",0,5165.972,2,1
"1175",0,0,"(0,29]",0,4463.3848,2,0
"1176",0,0,"(49,59]",0,3204.8848,2,0
"1177",0,0,"(59,69]",0,2846.9205,2,0
"1178",1,0,"(69,79]",0,3411.5491,1,2
"1179",1,1,"(69,79]",0,3065.4361,1,2
"1180",0,0,"(29,39]",0,5136.7589,2,1
"1181",0,1,"(29,39]",0,4746.1459,2,0
"1182",1,0,"(49,59]",0,3302.2269,1,2
"1183",NA,0,"(39,49]",0,4298.4924,1,1
"1184",NA,1,"(39,49]",0,3344.1431,1,2
"1185",1,0,"(59,69]",0,3669.1362,1,0
"1186",1,1,"(49,59]",0,3651.4269,1,0
"1187",1,0,"(69,79]",0,3964.7156,1,2
"1188",1,1,"(79,100]",0,3515.6126,1,2
"1189",1,1,"(39,49]",0,3989.9178,1,2
"1190",1,0,"(39,49]",0,3716.3302,1,0
"1191",1,0,"(69,79]",0,2988.7594,1,1
"1192",0,1,"(49,59]",0,3132.5345,1,2
"1193",NA,0,"(49,59]",0,3505.4884,4,1
"1194",NA,1,"(49,59]",0,3123.4024,4,1
"1195",NA,0,"(0,29]",0,3008.9172,4,1
"1196",NA,1,NA,0,6545.8191,2,0
"1197",0,1,"(69,79]",0,3776.1108,2,0
"1198",0,1,"(59,69]",0,3776.1108,2,0
"1199",NA,1,"(39,49]",0,4530.77,4,1
"1200",NA,0,"(39,49]",0,4894.5007,4,0
"1201",1,0,"(59,69]",0,3295.0601,1,2
"1202",0,0,"(29,39]",0,4585.6021,1,0
"1203",0,1,"(29,39]",0,4772.686,4,2
"1204",0,1,"(59,69]",0,3262.8316,1,0
"1205",1,0,"(49,59]",0,3427.953,1,0
"1206",1,0,"(59,69]",0,2998.4285,1,2
"1207",1,1,"(59,69]",0,3208.263,1,2
"1208",0,0,"(0,29]",0,3393.6519,1,0
"1209",0,1,"(59,69]",0,3234.439,1,0
"1210",0,1,"(0,29]",0,3549.1132,1,2
"1211",NA,1,"(29,39]",0,2879.7863,1,1
"1212",0,1,"(69,79]",0,3121.9774,1,0
"1213",0,0,"(79,100]",0,3234.0265,1,0
"1214",1,0,"(29,39]",0,3191.3832,1,0
"1215",0,1,"(29,39]",0,3006.5473,1,1
"1216",1,0,"(69,79]",0,3103.4782,1,0
"1217",1,1,"(59,69]",0,3441.4878,1,0
"1218",1,0,"(39,49]",0,3587.2257,1,1
"1219",NA,1,"(49,59]",0,3390.7945,1,1
"1220",0,0,"(29,39]",0,3659.7609,1,0
"1221",0,1,"(0,29]",0,3608.1585,1,0
"1222",NA,1,NA,0,2879.7863,1,1
"1223",NA,0,NA,0,2867.1586,1,0
"1224",1,1,"(39,49]",0,4706.0164,2,2
"1225",1,0,"(0,29]",0,5377.3321,2,1
"1226",1,1,"(49,59]",0,3418.4597,1,0
"1227",1,0,"(49,59]",0,3483.891,1,0
"1228",0,0,"(29,39]",0,3659.7609,1,2
"1229",0,1,"(29,39]",0,2986.6144,1,2
"1230",1,1,"(69,79]",0,3458.7954,1,2
"1231",1,0,"(69,79]",0,3074.6729,1,1
"1232",0,1,"(39,49]",0,4165.7604,1,0
"1233",0,0,"(39,49]",0,4390.2241,1,0
"1234",NA,0,"(39,49]",0,4191.271,4,0
"1235",0,1,"(0,29]",0,5577.693,4,0
"1236",NA,0,"(39,49]",0,4755.1082,2,0
"1237",NA,1,NA,0,3997.4603,4,0
"1238",NA,1,NA,0,5467.6805,2,0
"1239",NA,0,NA,0,5333.814,2,0
"1240",NA,0,NA,0,5925.4093,2,0
"1241",NA,0,"(49,59]",0,3483.891,1,1
"1242",NA,1,"(39,49]",0,4705.7495,3,0
"1243",0,0,"(29,39]",0,2567.4983,4,0
"1244",1,1,"(59,69]",0,3796.7025,4,0
"1245",NA,1,"(29,39]",0,4197.0829,1,2
"1246",NA,0,"(0,29]",0,8879.2956,2,1
"1247",NA,0,"(69,79]",0,3078.3621,1,0
"1248",NA,1,"(69,79]",0,3067.8258,1,0
"1249",1,1,"(59,69]",0,2980.6797,1,0
"1250",1,1,"(69,79]",0,3000.8612,1,2
"1251",1,0,"(69,79]",0,3533.0759,1,1
"1252",0,1,"(79,100]",0,3148.3669,1,0
"1253",1,0,"(49,59]",0,4197.2782,2,1
"1254",0,0,"(49,59]",0,3305.0755,1,0
"1255",0,1,"(59,69]",0,3202.1151,1,0
"1256",1,0,"(69,79]",0,3260.4126,1,2
"1257",1,1,"(69,79]",0,3147.4494,1,2
"1258",1,0,"(39,49]",0,3616.4936,1,2
"1259",NA,0,NA,0,4585.6021,1,2
"1260",NA,1,NA,0,3772.8358,1,0
"1261",0,1,"(49,59]",0,5835.8926,2,0
"1262",1,0,"(49,59]",0,3427.953,1,2
"1263",1,1,"(49,59]",0,3375.3377,1,2
"1264",NA,0,NA,0,3149.9417,1,2
"1265",NA,1,NA,0,3276.6043,1,2
"1266",0,0,"(59,69]",0,3238.1255,1,0
"1267",1,1,"(59,69]",0,3946.3619,2,0
"1268",1,1,"(39,49]",0,4199.7485,1,0
"1269",1,0,"(39,49]",0,3911.7728,1,1
"1270",0,0,"(0,29]",0,4663.0659,1,1
"1271",0,1,"(69,79]",0,3025.345,1,0
"1272",0,0,"(79,100]",0,3561.902,1,0
"1273",0,1,"(49,59]",0,3176.7008,1,0
"1274",0,1,"(39,49]",0,3697.2509,1,1
"1275",1,0,"(69,79]",0,3040.3254,4,0
"1276",0,1,"(59,69]",0,4142.5311,4,0
"1277",0,1,"(29,39]",0,4231.3266,1,1
"1278",0,0,"(0,29]",0,4758.1498,1,1
"1279",0,0,"(0,29]",0,6342.7628,2,0
"1280",0,1,"(0,29]",0,3968.8159,1,1
"1281",1,1,"(79,100]",0,3200.5352,1,2
"1282",1,0,"(59,69]",0,3238.1255,1,0
"1283",1,1,"(59,69]",0,3262.8316,1,0
"1284",0,1,"(0,29]",0,5045.3758,4,0
"1285",NA,1,"(0,29]",0,5512.2909,2,0
"1286",0,1,"(79,100]",0,3174.6336,1,0
"1287",1,1,"(39,49]",0,3487.0104,1,1
"1288",0,0,"(0,29]",0,5400.6857,1,1
"1289",1,0,"(39,49]",0,2917.7751,1,1
"1290",NA,1,NA,0,4197.0829,1,NA
"1291",NA,0,NA,0,4719.6426,1,2
"1292",0,1,"(49,59]",0,3418.4597,1,0
"1293",0,0,"(49,59]",0,3483.891,1,0
"1294",0,1,"(79,100]",0,3148.3669,1,0
"1295",1,1,"(49,59]",0,3150.9921,1,2
"1296",1,0,"(0,29]",0,3460.4298,1,1
"1297",1,1,"(49,59]",0,4469.4807,2,1
"1298",1,0,"(29,39]",0,5452.1702,2,0
"1299",1,0,"(49,59]",0,3505.4884,4,1
"1300",1,1,"(49,59]",0,3123.4024,4,0
"1301",1,1,"(59,69]",0,3262.8316,1,0
"1302",0,1,"(69,79]",0,3200.5352,1,0
"1303",0,0,"(79,100]",0,3561.902,1,0
"1304",1,0,"(79,100]",0,3561.902,1,1
"1305",0,0,"(59,69]",0,3580.872,1,0
"1306",0,1,"(69,79]",0,3000.8612,1,2
"1307",0,1,"(49,59]",0,3270.5907,1,2
"1308",1,0,"(59,69]",0,3221.3493,1,1
"1309",0,1,"(0,29]",0,3515.6836,3,0
"1310",0,1,"(0,29]",0,3371.2582,4,0
"1311",1,1,"(0,29]",0,3337.1265,1,2
"1312",1,1,"(79,100]",0,3159.3902,1,2
"1313",1,1,"(0,29]",0,3457.1699,1,1
"1314",1,0,"(29,39]",0,2710.01,1,1
"1315",1,0,"(69,79]",0,3684.9802,2,1
"1316",1,0,"(59,69]",0,3763.5917,1,1
"1317",NA,0,NA,0,4193.1418,2,NA
"1318",1,0,"(49,59]",0,3766.0207,1,0
"1319",1,1,"(39,49]",0,3053.0236,1,1
"1320",0,0,"(0,29]",0,3488.6632,1,1
"1321",0,1,"(29,39]",0,3010.9819,1,0
"1322",NA,1,NA,0,4643.0473,2,1
"1323",1,0,"(59,69]",0,3295.0601,1,1
"1324",1,1,"(49,59]",0,3375.3377,1,0
"1325",0,0,"(0,29]",0,4625.3282,1,1
"1326",NA,1,"(29,39]",0,4197.0829,1,1
"1327",NA,0,NA,0,3121.2969,1,0
"1328",NA,1,NA,0,3429.8382,1,0
"1329",1,0,"(39,49]",0,3911.7728,NA,2
"1330",1,1,"(39,49]",0,4199.7485,1,2
"1331",1,1,"(79,100]",0,3121.9774,1,1
"1332",NA,1,NA,0,3458.7904,1,2
"1333",NA,1,NA,0,4419.9579,1,0
"1334",1,1,"(59,69]",0,3827.6795,4,0
"1335",1,0,"(59,69]",0,4860.5135,4,0
"1336",1,0,"(59,69]",0,3221.3493,1,0
"1337",NA,0,"(39,49]",0,2722.7614,1,2
"1338",NA,1,"(39,49]",0,3043.0342,1,2
"1339",1,1,"(59,69]",0,4159.178,2,1
"1340",1,1,"(0,29]",0,7524.5947,2,1
"1341",1,0,"(59,69]",0,4452.4316,2,1
"1342",1,0,"(59,69]",0,3402.1141,2,0
"1343",1,0,"(69,79]",0,3364.6726,1,0
"1344",1,1,"(59,69]",0,3262.8316,1,0
"1345",0,1,"(49,59]",0,3429.8382,1,0
"1346",1,1,"(69,79]",0,3946.3619,2,2
"1347",1,1,"(69,79]",0,3200.5352,1,0
"1348",1,0,"(69,79]",0,3561.902,1,0
"1349",0,0,"(39,49]",0,3549.3656,4,1
"1350",0,0,"(49,59]",0,3096.0366,1,0
"1351",0,1,"(49,59]",0,3402.0809,1,0
"1352",0,1,"(39,49]",0,3019.7949,1,0
"1353",0,1,"(0,29]",0,3193.5001,1,0
"1354",0,0,"(59,69]",0,2984.2113,1,0
"1355",0,1,"(69,79]",0,3064.2973,1,0
"1356",NA,0,"(29,39]",0,3165.5556,1,0
"1357",NA,1,"(69,79]",0,3067.8258,1,NA
"1358",1,1,"(29,39]",0,6173.4166,2,0
"1359",0,0,"(0,29]",0,4634.9619,2,0
"1360",0,1,"(39,49]",0,3727.4165,1,0
"1361",0,0,"(0,29]",0,3393.5362,1,0
"1362",1,0,"(39,49]",0,2917.7751,1,0
"1363",1,0,"(59,69]",0,3715.0457,2,1
"1364",1,1,"(49,59]",0,4086.8951,2,0
"1365",1,0,"(69,79]",0,3049.7899,1,1
"1366",1,1,"(69,79]",0,3430.8038,1,1
"1367",1,0,"(69,79]",0,3374.5812,2,1
"1368",1,1,"(69,79]",0,4125.5182,2,2
"1369",1,1,"(59,69]",0,3289.4528,1,1
"1370",1,0,"(29,39]",0,3941.8268,1,2
"1371",1,1,"(29,39]",0,2986.6144,1,1
"1372",1,1,"(59,69]",0,3208.263,1,2
"1373",1,0,"(59,69]",0,2998.4285,1,2
"1374",0,1,"(39,49]",0,3028.3158,1,0
"1375",1,0,"(0,29]",0,3460.4298,1,1
"1376",1,1,"(69,79]",0,3507.7061,2,0
"1377",0,1,"(49,59]",0,4469.4807,2,0
"1378",1,1,"(59,69]",0,4086.8951,2,1
"1379",1,0,"(0,29]",0,4753.6465,2,0
"1380",1,1,"(39,49]",0,3019.7949,1,0
"1381",1,0,"(49,59]",0,3483.891,1,0
"1382",1,0,"(39,49]",0,2894.1619,1,0
"1383",1,1,"(39,49]",0,2658.6741,1,2
"1384",1,1,"(0,29]",0,3159.2848,1,1
"1385",0,0,"(39,49]",0,2722.7614,1,1
"1386",1,1,"(29,39]",0,2856.4805,1,0
"1387",NA,0,"(29,39]",0,3659.7609,1,0
"1388",NA,1,"(29,39]",0,2986.6144,1,1
"1389",0,0,"(49,59]",0,3516.3853,1,0
"1390",1,1,"(49,59]",0,3418.4597,1,1
"1391",0,0,"(49,59]",0,3483.891,1,0
"1392",0,1,"(39,49]",0,3218.079,1,0
"1393",0,0,"(0,29]",0,3864.6875,1,0
"1394",1,1,"(59,69]",0,3023.0083,1,2
"1395",1,0,"(49,59]",0,3487.9276,1,1
"1396",1,1,"(39,49]",0,3053.0236,1,0
"1397",1,0,"(39,49]",0,3787.4457,1,0
"1398",1,0,"(0,29]",0,3488.6632,1,0
"1399",1,0,"(0,29]",0,3460.4298,1,0
"1400",1,1,"(0,29]",0,3936.6967,1,0
"1401",NA,1,"(69,79]",0,3148.3669,1,2
"1402",1,1,"(49,59]",0,4544.7879,2,1
"1403",1,1,"(0,29]",0,3549.1132,1,2
"1404",1,0,"(29,39]",0,3973.9879,1,1
"1405",0,0,"(0,29]",0,3366.0726,1,0
"1406",0,1,"(0,29]",0,3502.1326,1,0
"1407",0,0,"(69,79]",0,3120.4792,1,0
"1408",1,1,"(29,39]",0,6000.5264,2,1
"1409",0,0,"(0,29]",0,5121.2751,2,1
"1410",1,1,"(79,100]",0,3133.8216,1,2
"1411",1,0,"(79,100]",0,3120.4792,1,1
"1412",0,0,"(0,29]",0,3366.0726,1,0
"1413",1,1,"(59,69]",0,3208.263,1,2
"1414",0,1,"(29,39]",0,2616.6133,1,2
"1415",0,1,"(59,69]",0,3004.9988,1,0
"1416",0,0,"(39,49]",0,3880.1153,1,0
"1417",0,1,"(39,49]",0,3458.7904,1,0
"1418",1,1,"(59,69]",0,3501.3234,1,1
"1419",1,0,"(49,59]",0,3877.5759,1,0
"1420",0,0,"(0,29]",0,4663.0659,1,0
"1421",1,0,"(59,69]",0,3040.3254,4,0
"1422",0,1,"(49,59]",0,3796.7025,4,0
"1423",1,1,"(39,49]",0,3727.4165,1,0
"1424",1,0,"(39,49]",0,3412.3256,4,1
"1425",0,1,"(69,79]",0,3458.7954,1,0
"1426",1,1,"(69,79]",0,3507.7061,2,2
"1427",1,1,"(49,59]",0,4218.707,2,0
"1428",NA,0,"(59,69]",0,3247.6321,1,2
"1429",1,1,"(69,79]",0,4125.5182,2,0
"1430",1,0,"(59,69]",0,3374.5812,2,0
"1431",1,0,"(69,79]",0,3078.3621,1,2
"1432",1,1,"(59,69]",0,3208.263,1,1
"1433",1,1,"(59,69]",0,2935.4067,1,1
"1434",1,0,"(69,79]",0,3609.3884,1,1
"1435",1,1,"(0,29]",0,3457.1699,1,1
"1436",0,1,"(69,79]",0,3174.6336,1,0
"1437",0,0,"(69,79]",0,3392.1247,1,0
"1438",1,1,"(59,69]",0,3280.6339,1,1
"1439",1,0,"(59,69]",0,4032.6297,4,0
"1440",1,1,"(79,100]",0,3479.3186,2,0
"1441",1,1,"(49,59]",0,3429.8382,1,0
"1442",1,1,"(29,39]",0,2986.6144,1,2
"1443",1,0,"(29,39]",0,3659.7609,1,1
"1444",NA,0,"(49,59]",0,3455.9214,1,1
"1445",NA,1,"(49,59]",0,3402.8768,1,0
"1446",NA,1,"(69,79]",0,3148.3669,1,NA
"1447",1,1,"(69,79]",0,3064.2973,1,2
"1448",1,1,"(29,39]",0,3803.618,1,2
"1449",1,0,"(29,39]",0,4380.0379,1,2
"1450",0,0,"(49,59]",0,3096.0366,1,0
"1451",0,0,"(39,49]",0,3881.5819,1,0
"1452",0,0,"(0,29]",0,4719.6426,1,0
"1453",0,1,"(0,29]",0,4920.5018,1,0
"1454",1,1,"(69,79]",0,3092.856,1,0
"1455",1,1,"(59,69]",0,3479.3186,2,1
"1456",1,0,"(59,69]",0,3831.2762,2,0
"1457",0,0,"(69,79]",0,3120.4792,1,0
"1458",0,1,"(69,79]",0,3067.8258,1,1
"1459",0,0,"(39,49]",0,2917.7751,1,0
"1460",0,1,"(39,49]",0,2680.366,1,1
"1461",NA,1,"(39,49]",0,3067.862,1,NA
"1462",0,0,"(79,100]",0,3374.5812,2,0
"1463",1,1,"(59,69]",0,3280.874,1,1
"1464",1,0,"(59,69]",0,3763.5917,1,1
"1465",NA,0,"(59,69]",0,3047.862,1,NA
"1466",NA,0,NA,0,3121.2969,1,0
"1467",1,0,"(69,79]",0,3103.4782,1,2
"1468",1,1,"(59,69]",0,3441.4878,1,2
"1469",1,0,"(69,79]",0,3234.0265,1,0
"1470",1,1,"(69,79]",0,3121.9774,1,0
"1471",NA,0,"(59,69]",0,2905.305,4,0
"1472",0,1,"(69,79]",0,3458.7954,1,0
"1473",1,0,"(59,69]",0,3990.1761,1,0
"1474",0,1,"(29,39]",0,3803.618,1,0
"1475",1,0,"(59,69]",0,3402.1141,2,0
"1476",NA,1,NA,0,3978.5599,2,0
"1477",1,1,"(49,59]",0,3250.0871,1,2
"1478",0,0,"(0,29]",0,4634.9619,2,1
"1479",0,0,"(39,49]",0,3616.4936,NA,1
"1480",1,0,"(0,29]",0,4990.0527,NA,0
"1481",1,0,"(49,59]",0,3427.953,1,0
"1482",1,1,"(49,59]",0,3375.3377,1,1
"1483",NA,1,"(0,29]",0,5434.6776,2,NA
"1484",1,0,"(49,59]",0,3487.9276,1,0
"1485",1,1,"(49,59]",0,3589.1298,1,2
"1486",1,0,"(39,49]",0,4426.0436,1,1
"1487",0,1,"(79,100]",0,3148.3669,1,0
"1488",0,1,"(39,49]",0,3192.0355,1,2
"1489",1,0,"(49,59]",0,3455.6963,1,1
"1490",1,1,"(59,69]",0,3280.874,1,2
"1491",1,0,"(69,79]",0,3609.3884,1,1
"1492",1,0,"(49,59]",0,3766.0207,1,0
"1493",0,1,"(49,59]",0,3337.346,1,2
"1494",0,0,"(0,29]",0,3488.6632,NA,1
"1495",0,1,"(0,29]",0,5512.2909,2,0
"1496",0,0,"(0,29]",0,5973.7542,2,0
"1497",1,0,"(69,79]",0,3402.1141,2,1
"1498",0,0,"(0,29]",0,2902.6374,3,0
"1499",0,1,"(0,29]",0,3936.6967,1,0
"1500",1,0,"(59,69]",0,3286.4529,1,1
"1501",1,1,"(49,59]",0,3270.5907,1,0
"1502",0,0,"(59,69]",0,4193.1418,2,2
"1503",1,1,"(49,59]",0,4218.707,2,0
"1504",1,0,"(0,29]",0,6342.7628,2,0
"1505",0,0,"(69,79]",0,3301.1206,1,0
"1506",0,1,"(39,49]",0,3192.0355,1,0
"1507",1,1,"(59,69]",0,4176.3297,4,1
"1508",1,0,"(59,69]",0,3065.1312,4,0
"1509",1,1,"(29,39]",0,8045.3298,2,2
"1510",1,0,"(29,39]",0,6516.6959,2,2
"1511",0,0,"(59,69]",0,3022.8924,1,0
"1512",0,1,"(49,59]",0,3429.8382,1,0
"1513",0,1,"(69,79]",0,3133.8216,1,0
"1514",1,0,"(49,59]",0,3121.2969,1,2
"1515",1,1,"(49,59]",0,3429.8382,1,2
"1516",0,1,"(39,49]",0,4494.1029,4,0
"1517",1,1,"(29,39]",0,4231.3266,1,2
"1518",0,0,"(49,59]",0,3877.5759,1,0
"1519",0,0,"(59,69]",0,3149.9417,1,2
"1520",0,1,"(49,59]",0,3276.6043,1,0
"1521",1,1,"(0,29]",0,3530.7062,1,1
"1522",1,0,"(0,29]",0,3393.6519,1,2
"1523",NA,1,NA,0,3254.3223,1,0
"1524",1,1,"(59,69]",0,3067.2214,1,1
"1525",1,0,"(69,79]",0,3301.1206,1,1
"1526",1,1,"(0,29]",0,3364.3538,1,1
"1527",NA,1,"(49,59]",0,3310.3372,1,0
"1528",NA,0,"(59,69]",0,3733.1334,1,2
"1529",1,0,"(29,39]",0,4380.0379,1,1
"1530",1,1,"(29,39]",0,3803.618,1,2
"1531",NA,1,"(59,69]",0,4142.5311,4,0
"1532",1,1,"(59,69]",0,2706.4529,4,0
"1533",0,1,"(59,69]",0,3004.9988,1,1
"1534",NA,1,"(69,79]",0,3000.8612,1,2
"1535",NA,0,"(59,69]",0,3681.0587,1,2
"1536",1,0,"(59,69]",0,3124.4496,1,1
"1537",1,1,"(49,59]",0,3402.0809,1,0
"1538",0,1,"(29,39]",0,3772.8358,1,0
"1539",1,0,"(29,39]",0,4585.6021,1,0
"1540",0,1,"(39,49]",0,3028.3158,1,0
"1541",0,0,"(39,49]",0,2722.7614,1,0
"1542",0,1,"(39,49]",0,3043.0342,1,0
"1543",1,1,"(69,79]",0,3978.5599,2,1
"1544",1,0,"(59,69]",0,3374.5812,2,0
"1545",1,1,"(59,69]",0,4159.178,2,1
"1546",1,1,"(39,49]",0,4832.6283,2,1
"1547",0,0,"(69,79]",0,3402.1141,2,0
"1548",1,0,"(69,79]",0,3561.902,1,1
"1549",1,0,"(69,79]",0,3609.3884,1,2
"1550",1,0,"(49,59]",0,3121.2969,1,2
"1551",1,1,"(49,59]",0,3429.8382,1,1
"1552",NA,1,"(29,39]",0,2616.6133,1,1
"1553",1,1,"(59,69]",0,2944.5149,1,1
"1554",1,0,"(59,69]",0,2960.0604,1,1
"1555",1,1,"(49,59]",0,3270.5907,1,2
"1556",0,0,"(49,59]",0,3455.9214,1,0
"1557",0,1,"(49,59]",0,3402.8768,1,0
"1558",0,1,"(79,100]",0,3174.0542,1,0
"1559",NA,0,NA,0,4623.0157,1,NA
"1560",NA,1,"(79,100]",0,3412.936,4,0
"1561",NA,0,"(79,100]",0,3999.9941,4,0
"1562",1,0,"(49,59]",0,4010.7083,1,0
"1563",1,1,"(69,79]",0,3121.9774,1,1
"1564",0,1,"(49,59]",0,3337.346,1,1
"1565",NA,1,"(0,29]",0,3718.8624,1,1
"1566",1,0,"(29,39]",0,2867.1586,1,0
"1567",1,1,"(29,39]",0,2879.7863,1,0
"1568",1,1,"(39,49]",0,3043.0342,1,0
"1569",0,0,"(39,49]",0,3756.7943,1,0
"1570",0,1,"(0,29]",0,3688.766,1,1
"1571",1,0,"(59,69]",0,3733.1334,1,0
"1572",1,1,"(59,69]",0,3254.3223,1,0
"1573",0,0,"(49,59]",0,4379.1878,2,0
"1574",0,1,"(59,69]",0,3176.2008,1,1
"1575",0,1,"(69,79]",0,3200.5352,1,1
"1576",0,1,"(0,29]",0,4815.1363,1,2
"1577",0,1,"(49,59]",0,3375.3377,1,2
"1578",0,1,"(0,29]",0,6599.2259,2,0
"1579",1,0,"(59,69]",0,3023.196,1,1
"1580",1,1,"(59,69]",0,3176.2008,1,2
"1581",NA,1,"(39,49]",0,2680.366,1,2
"1582",NA,1,"(39,49]",0,7020.3862,2,1
"1583",0,0,"(0,29]",0,7412.2976,2,0
"1584",NA,0,"(0,29]",0,7412.2976,2,0
"1585",NA,1,"(79,100]",0,4125.5182,2,0
"1586",1,1,"(0,29]",0,3549.1132,1,2
"1587",1,0,"(29,39]",0,3689.6206,1,0
"1588",1,1,"(29,39]",0,2637.9621,1,2
"1589",1,1,"(49,59]",0,3250.0871,1,0
"1590",0,0,"(49,59]",0,3278.3278,1,0
"1591",1,1,"(29,39]",0,3007.2305,1,1
"1592",1,0,"(59,69]",0,3402.1141,2,0
"1593",1,1,"(29,39]",0,2616.6133,1,2
"1594",1,0,"(39,49]",0,2894.1619,1,2
"1595",1,0,"(69,79]",0,3078.3621,1,0
"1596",0,1,"(59,69]",0,4433.3097,2,0
"1597",1,0,"(29,39]",0,2710.01,1,1
"1598",0,1,"(29,39]",0,3031.7662,1,1
"1599",0,1,"(79,100]",0,3121.9774,1,0
"1600",0,0,"(49,59]",0,3455.6963,1,0
"1601",0,1,"(49,59]",0,3270.5907,1,2
"1602",1,0,"(39,49]",0,3282.0497,1,0
"1603",1,1,"(29,39]",0,2637.9621,1,2
"1604",1,1,"(69,79]",0,3092.856,1,1
"1605",1,0,"(69,79]",0,3103.4782,1,2
"1606",1,0,"(0,29]",0,3366.0726,1,1
"1607",1,1,"(0,29]",0,3502.1326,1,1
"1608",0,1,"(29,39]",0,2986.6144,1,0
"1609",0,0,"(0,29]",0,4949.6687,1,1
"1610",0,0,"(39,49]",0,3850.1687,1,0
"1611",1,0,"(69,79]",0,3364.6726,1,0
"1612",0,1,"(29,39]",0,2698.3286,1,2
"1613",0,0,"(29,39]",0,3941.8268,1,0
"1614",0,0,"(39,49]",0,3881.5819,1,0
"1615",0,1,"(79,100]",0,3133.8216,1,0
"1616",0,1,"(59,69]",0,3479.3186,2,0
"1617",NA,1,"(29,39]",0,3031.7662,1,2
"1618",NA,0,"(29,39]",0,2710.01,1,1
"1619",1,1,"(69,79]",0,3092.856,1,1
"1620",1,0,"(59,69]",0,3247.6321,1,0
"1621",1,0,"(49,59]",0,4411.9075,4,0
"1622",1,1,"(79,100]",0,3358.6553,1,0
"1623",1,1,"(69,79]",0,3330.866,1,1
"1624",NA,1,NA,0,3387.6656,1,2
"1625",NA,0,NA,0,3362.0142,1,0
"1626",1,1,"(59,69]",0,3406.149,1,1
"1627",1,1,"(79,100]",0,3169.7303,1,2
"1628",1,0,"(59,69]",0,3344.5962,1,2
"1629",1,1,"(59,69]",0,3184.5713,1,2
"1630",1,1,"(49,59]",0,4640.4803,2,0
"1631",0,0,"(0,29]",0,6549.1799,2,0
"1632",1,1,"(49,59]",0,3355.2828,1,2
"1633",1,0,"(69,79]",0,3787.7076,1,0
"1634",1,1,"(49,59]",0,3502.2252,1,0
"1635",1,1,"(59,69]",0,3496.5536,1,2
"1636",1,0,"(59,69]",0,3317.4189,1,2
"1637",1,0,"(69,79]",0,3256.8033,1,1
"1638",0,1,"(69,79]",0,3315.4776,1,0
"1639",0,1,"(29,39]",0,3085.1029,1,2
"1640",0,0,"(59,69]",0,3949.5292,1,0
"1641",0,1,"(39,49]",0,3203.856,1,0
"1642",0,0,"(0,29]",0,4703.7267,1,0
"1643",0,1,"(0,29]",0,3754.8421,1,1
"1644",0,1,"(59,69]",0,3674.3037,1,0
"1645",1,1,"(29,39]",0,4024.0996,1,2
"1646",0,0,"(0,29]",0,3522.0863,1,1
"1647",0,1,"(0,29]",0,3657.5692,1,2
"1648",1,1,"(59,69]",0,3115.1975,1,2
"1649",1,0,"(59,69]",0,3476.9564,1,2
"1650",NA,1,"(39,49]",0,3943.4809,1,1
"1651",NA,0,"(49,59]",0,3496.6584,1,0
"1652",NA,0,"(39,49]",0,2904.0923,1,0
"1653",NA,1,"(39,49]",0,3264.8993,3,2
"1654",NA,1,NA,0,2790.8749,1,2
"1655",NA,1,NA,0,2835.7369,1,2
"1656",1,1,"(39,49]",0,3659.2836,1,1
"1657",1,0,"(39,49]",0,4105.0311,1,0
"1658",0,1,"(29,39]",0,3002.4516,1,1
"1659",1,1,"(29,39]",0,2989.9651,1,2
"1660",1,0,"(29,39]",0,2976.8543,1,1
"1661",0,1,"(0,29]",0,3861.1438,1,1
"1662",1,0,"(79,100]",0,3239.8668,1,2
"1663",1,1,"(79,100]",0,3253.7197,1,2
"1664",0,1,"(0,29]",0,3862.145,3,0
"1665",1,0,"(49,59]",0,3617.1825,1,2
"1666",1,1,"(49,59]",0,3549.2479,1,1
"1667",0,0,"(0,29]",0,5180.969,1,0
"1668",0,1,"(79,100]",0,3543.5128,4,0
"1669",0,1,"(59,69]",0,3119.9682,1,0
"1670",1,0,"(69,79]",0,3717.1534,1,2
"1671",1,0,"(59,69]",0,4622.7789,2,0
"1672",0,1,"(0,29]",0,6590.2361,2,1
"1673",0,1,"(49,59]",0,4926.3708,2,0
"1674",1,1,"(0,29]",0,6796.2581,2,0
"1675",1,1,"(59,69]",0,3146.6472,1,2
"1676",1,1,"(59,69]",0,3146.6472,1,0
"1677",0,1,"(49,59]",0,3696.29,1,0
"1678",0,0,"(49,59]",0,3559.1043,1,0
"1679",1,1,"(79,100]",0,3280.2665,1,1
"1680",1,0,"(59,69]",0,3216.961,1,2
"1681",NA,1,NA,0,3641.9088,2,1
"1682",NA,0,NA,0,4357.8634,2,1
"1683",NA,1,"(49,59]",0,3549.2479,1,0
"1684",NA,0,"(49,59]",0,3650.9201,1,1
"1685",1,0,"(59,69]",0,3321.977,1,0
"1686",0,1,"(79,100]",0,3315.4776,1,0
"1687",0,0,"(79,100]",0,3301.3617,1,2
"1688",1,0,"(49,59]",0,3516.72,1,1
"1689",1,1,"(59,69]",0,3562.9207,1,0
"1690",1,0,"(69,79]",0,3492.4743,1,0
"1691",1,1,"(59,69]",0,3245.0168,1,0
"1692",1,1,"(39,49]",0,4976.9154,2,0
"1693",1,1,"(0,29]",0,10481.1019,2,1
"1694",0,1,"(29,39]",0,3121.576,1,2
"1695",0,1,"(0,29]",0,3493.0719,1,1
"1696",NA,1,"(0,29]",0,3627.9689,1,0
"1697",0,0,"(29,39]",0,2843.8961,1,0
"1698",NA,1,"(0,29]",0,4913.7988,1,2
"1699",1,0,"(39,49]",0,4061.4348,1,2
"1700",1,1,"(29,39]",0,3949.1421,1,1
"1701",1,0,"(59,69]",0,4366.2498,2,NA
"1702",1,1,"(59,69]",0,3973.1401,2,1
"1703",1,0,"(69,79]",0,3709.9848,2,1
"1704",1,1,"(0,29]",0,4808.5768,1,1
"1705",1,1,"(39,49]",0,4886.0656,2,2
"1706",1,0,"(39,49]",0,4977.3166,2,2
"1707",1,0,"(0,29]",0,6202.3063,2,0
"1708",1,1,"(39,49]",0,4291.7234,2,0
"1709",1,1,"(69,79]",0,3241.9232,1,0
"1710",1,1,"(29,39]",0,8099.9218,2,1
"1711",0,1,"(59,69]",0,4428.425,2,0
"1712",0,0,"(79,100]",0,3357.7583,1,1
"1713",0,1,"(69,79]",0,3155.7876,1,1
"1714",0,0,"(49,59]",0,3656.0101,1,0
"1715",0,0,"(69,79]",0,3229.6209,1,0
"1716",1,1,"(29,39]",0,4787.7899,2,1
"1717",1,1,"(59,69]",0,3451.9659,1,2
"1718",1,0,"(39,49]",0,3086.9077,1,1
"1719",NA,0,"(79,100]",0,3357.7583,1,1
"1720",NA,1,"(79,100]",0,3241.4223,1,0
"1721",NA,1,"(49,59]",0,3520.5242,1,1
"1722",0,1,"(69,79]",0,3519.6446,1,1
"1723",0,0,"(39,49]",0,4003.2968,4,0
"1724",0,1,"(29,39]",0,3352.3378,4,0
"1725",0,1,"(49,59]",0,3460.1747,1,0
"1726",1,1,"(69,79]",0,3121.7968,1,2
"1727",1,0,"(69,79]",0,3175.3765,1,2
"1728",1,1,"(49,59]",0,3502.2252,1,0
"1729",1,0,"(49,59]",0,4243.1942,1,1
"1730",1,1,"(69,79]",0,3169.7303,1,1
"1731",1,0,"(69,79]",0,3070.4844,1,1
"1732",0,1,"(69,79]",0,4097.3472,2,0
"1733",1,1,"(39,49]",0,3274.6934,1,2
"1734",1,0,"(49,59]",0,3545.1817,1,2
"1735",1,0,"(39,49]",0,4511.254,2,0
"1736",1,1,"(39,49]",0,4674.5529,2,1
"1737",NA,1,"(49,59]",0,3333.6434,1,0
"1738",NA,0,"(49,59]",0,4243.1942,1,0
"1739",0,1,"(0,29]",0,4808.5768,1,0
"1740",1,0,"(79,100]",0,3317.7718,1,0
"1741",0,1,"(39,49]",0,3377.0659,1,0
"1742",0,1,"(0,29]",0,3817.3101,1,0
"1743",0,0,"(49,59]",0,3656.0101,1,0
"1744",1,0,"(49,59]",0,3824.6697,2,1
"1745",0,0,"(59,69]",0,3440.0304,1,0
"1746",1,1,"(59,69]",0,3358.1866,1,2
"1747",1,0,"(59,69]",0,3164.4713,1,0
"1748",NA,1,"(79,100]",0,3143.1617,1,0
"1749",1,0,"(49,59]",0,3403.7546,1,2
"1750",1,1,"(39,49]",0,3838.7054,1,1
"1751",0,1,"(79,100]",0,3253.7197,1,0
"1752",0,1,"(59,69]",0,4926.3708,2,0
"1753",0,0,"(69,79]",0,4221.5946,2,0
"1754",0,0,"(29,39]",0,4170.3199,1,0
"1755",0,1,"(0,29]",0,3724.4546,1,0
"1756",NA,1,NA,0,4566.8651,2,0
"1757",NA,0,"(59,69]",0,3216.961,1,NA
"1758",NA,1,"(59,69]",0,3063.043,1,NA
"1759",NA,0,"(39,49]",0,3844.9237,1,NA
"1760",0,1,"(49,59]",0,4640.4803,2,1
"1761",0,1,"(79,100]",0,3229.894,1,0
"1762",NA,1,"(49,59]",0,3599.2869,1,1
"1763",NA,0,"(39,49]",0,3061.9257,1,0
"1764",0,0,"(29,39]",0,3376.3758,1,0
"1765",0,1,"(0,29]",0,3735.3682,1,2
"1766",0,1,"(69,79]",0,3342.5283,1,0
"1767",1,1,"(39,49]",0,3287.6058,4,2
"1768",1,0,"(49,59]",0,3677.9395,4,2
"1769",NA,1,NA,0,4674.5529,2,1
"1770",NA,0,NA,0,4747.1708,2,0
"1771",0,1,"(39,49]",0,4676.8952,2,1
"1772",0,1,"(0,29]",0,5150.4391,1,0
"1773",0,0,"(0,29]",0,4940.1936,1,0
"1774",0,1,"(69,79]",0,3121.7968,1,2
"1775",0,1,"(0,29]",0,4953.8901,1,0
"1776",1,0,"(29,39]",0,4092.6387,1,2
"1777",1,1,"(29,39]",0,2801.5649,1,2
"1778",0,1,"(29,39]",0,3121.576,1,2
"1779",0,0,"(29,39]",0,3319.2912,1,2
"1780",1,1,"(49,59]",0,3532.2424,1,2
"1781",1,0,"(59,69]",0,3243.9891,1,1
"1782",1,0,"(49,59]",0,4157.6385,2,2
"1783",NA,1,"(39,49]",0,5192.2858,2,1
"1784",1,0,"(29,39]",0,5019.9921,2,1
"1785",1,1,"(0,29]",0,3525.8965,1,1
"1786",1,0,"(79,100]",0,3385.154,1,1
"1787",1,1,"(69,79]",0,3181.5354,1,0
"1788",NA,0,"(29,39]",0,3903.4942,1,0
"1789",NA,1,"(29,39]",0,3185.5174,1,0
"1790",0,0,"(59,69]",0,3371.5558,1,2
"1791",0,0,"(39,49]",0,2880.5897,1,0
"1792",0,0,"(69,79]",0,3787.7076,1,NA
"1793",NA,0,NA,0,4558.1913,1,NA
"1794",1,0,"(39,49]",0,4161.3546,2,2
"1795",1,1,"(39,49]",0,4364.2266,2,2
"1796",0,1,"(0,29]",0,3886.897,4,1
"1797",1,0,"(29,39]",0,2952.7629,1,2
"1798",0,1,"(29,39]",0,3122.2853,1,1
"1799",0,1,"(29,39]",0,3207.5064,1,1
"1800",1,1,"(59,69]",0,3474.5789,2,1
"1801",0,1,"(29,39]",0,2634.3685,1,2
"1802",0,1,"(39,49]",0,3722.3388,1,0
"1803",0,1,"(0,29]",0,8683.7911,2,0
"1804",1,0,"(69,79]",0,3385.154,1,0
"1805",1,1,"(79,100]",0,3267.8688,1,0
"1806",1,0,"(59,69]",0,3216.961,1,1
"1807",1,1,"(49,59]",0,3266.1353,1,1
"1808",0,0,"(0,29]",0,5413.4114,3,0
"1809",0,1,"(0,29]",0,4496.6918,3,0
"1810",0,1,"(29,39]",0,2852.5892,1,0
"1811",1,0,"(39,49]",0,4937.0357,2,0
"1812",1,1,"(39,49]",0,4846.5232,2,1
"1813",1,0,"(0,29]",0,5537.8824,2,0
"1814",0,0,"(39,49]",0,3277.5787,1,1
"1815",0,1,"(49,59]",0,3272.1407,1,2
"1816",NA,0,"(0,29]",0,3389.0289,1,0
"1817",1,0,"(59,69]",0,3821.8938,1,2
"1818",1,1,"(59,69]",0,3378.8306,1,0
"1819",1,0,"(69,79]",0,3559.7102,1,2
"1820",1,1,"(59,69]",0,3674.3037,1,1
"1821",1,0,"(79,100]",0,3226.5749,1,1
"1822",1,1,"(69,79]",0,3629.6747,1,0
"1823",1,0,"(49,59]",0,3626.6587,1,2
"1824",1,1,"(49,59]",0,3766.4482,1,2
"1825",1,1,"(39,49]",0,3072.9209,1,2
"1826",NA,0,"(29,39]",0,3033.3571,1,0
"1827",NA,1,"(29,39]",0,3046.7168,1,2
"1828",1,0,"(59,69]",0,3926.2104,1,1
"1829",NA,1,"(49,59]",0,3530.7995,1,2
"1830",NA,0,"(0,29]",0,3635.8867,4,0
"1831",NA,1,"(0,29]",0,3452.4603,1,1
"1832",1,0,"(29,39]",0,3376.3758,1,0
"1833",1,1,"(29,39]",0,3180.8257,1,2
"1834",1,1,"(79,100]",0,3342.5283,1,0
"1835",1,1,"(0,29]",0,3559.3729,1,1
"1836",1,0,"(29,39]",0,3382.2937,1,2
"1837",0,1,"(49,59]",0,3696.29,1,1
"1838",0,0,"(49,59]",0,3559.1043,1,0
"1839",NA,0,NA,0,3878.4623,1,0
"1840",NA,1,NA,0,3271.5471,1,0
"1841",NA,1,NA,0,4087.3123,1,0
"1842",0,0,"(59,69]",0,6451.4779,3,0
"1843",0,1,"(59,69]",0,5208.5225,3,0
"1844",0,0,"(0,29]",0,5713.7433,1,1
"1845",1,1,"(39,49]",0,3689.1394,1,1
"1846",NA,1,"(0,29]",0,5135.8154,1,2
"1847",1,1,"(39,49]",0,3659.2836,1,0
"1848",1,0,"(69,79]",0,3252.9002,1,0
"1849",1,1,"(59,69]",0,3480.1302,1,0
"1850",1,1,"(79,100]",0,3612.4352,2,2
"1851",NA,1,"(29,39]",0,2989.9651,1,1
"1852",NA,1,"(49,59]",0,3465.0308,1,0
"1853",1,1,"(79,100]",0,3386.0583,1,0
"1854",1,0,"(49,59]",0,4697.2689,2,1
"1855",1,0,"(59,69]",0,3821.8938,1,0
"1856",1,1,"(59,69]",0,3691.3288,4,0
"1857",0,1,"(49,59]",0,4718.6686,2,2
"1858",0,1,"(0,29]",0,6851.7082,2,1
"1859",1,0,"(49,59]",0,4008.8594,2,1
"1860",1,1,"(49,59]",0,4718.6686,2,2
"1861",1,0,"(0,29]",0,4851.5558,2,0
"1862",0,0,"(29,39]",0,4205.934,2,2
"1863",1,1,"(39,49]",0,5346.8311,2,2
"1864",1,1,"(69,79]",0,3629.6747,1,0
"1865",1,0,"(69,79]",0,3226.5749,1,1
"1866",0,0,"(29,39]",0,4851.4124,1,0
"1867",0,1,"(29,39]",0,6461.9032,2,1
"1868",0,0,"(59,69]",0,3875.9607,1,0
"1869",1,1,"(59,69]",0,3378.8306,1,0
"1870",1,1,"(39,49]",0,3274.6934,1,2
"1871",1,0,"(49,59]",0,3851.55,4,0
"1872",1,1,"(39,49]",0,3943.4809,1,1
"1873",NA,1,"(0,29]",0,3657.5692,1,1
"1874",NA,0,"(0,29]",0,3522.0863,1,2
"1875",NA,1,"(0,29]",0,6050.5189,2,1
"1876",0,1,"(39,49]",0,3943.4809,1,2
"1877",1,1,"(39,49]",0,3169.8304,1,2
"1878",0,0,"(39,49]",0,2849.9973,1,1
"1879",0,1,"(0,29]",0,3724.4546,1,0
"1880",0,1,"(29,39]",0,6230.1028,2,2
"1881",0,1,"(0,29]",0,6713.063,2,0
"1882",NA,1,"(39,49]",0,3692.2143,1,2
"1883",NA,0,"(39,49]",0,2890.2193,1,1
"1884",0,0,"(39,49]",0,3795.1638,1,1
"1885",0,1,"(79,100]",0,3342.5283,1,0
"1886",1,0,"(39,49]",0,4030.0888,1,1
"1887",1,1,"(39,49]",0,3341.2008,1,1
"1888",0,1,"(0,29]",0,3315.6814,1,0
"1889",0,0,"(0,29]",0,5180.969,1,1
"1890",1,0,"(29,39]",0,3376.3758,1,1
"1891",1,1,"(39,49]",0,2835.7369,1,1
"1892",1,0,"(49,59]",0,4102.3445,1,2
"1893",0,0,"(39,49]",0,4682.6049,1,0
"1894",0,0,"(0,29]",0,5667.5026,1,0
"1895",0,1,"(69,79]",0,3330.866,1,0
"1896",0,0,"(0,29]",0,3523.4909,1,1
"1897",0,1,"(0,29]",0,3493.0719,1,0
"1898",NA,0,"(29,39]",0,5524.4914,3,0
"1899",NA,0,"(29,39]",0,5111.9213,3,0
"1900",1,1,"(79,100]",0,3117.7245,1,0
"1901",NA,1,NA,0,3641.9088,2,NA
"1902",NA,0,"(69,79]",0,3503.6906,2,2
"1903",0,1,"(29,39]",0,3096.3134,1,0
"1904",0,1,"(0,29]",0,7956.2627,2,1
"1905",1,0,"(29,39]",0,4596.4304,1,0
"1906",1,1,"(29,39]",0,3991.533,1,0
"1907",0,1,"(29,39]",0,4024.0996,1,0
"1908",0,0,"(0,29]",0,4933.3665,1,0
"1909",1,0,"(0,29]",0,5033.962,1,0
"1910",1,1,"(29,39]",0,4476.6008,1,1
"1911",NA,0,"(29,39]",0,3376.3758,1,2
"1912",NA,1,"(39,49]",0,2835.7369,1,2
"1913",0,1,"(0,29]",0,4808.5768,NA,2
"1914",NA,1,"(39,49]",0,3219.4275,1,1
"1915",NA,0,"(39,49]",0,2880.5897,1,0
"1916",NA,0,"(0,29]",0,3119.997,1,0
"1917",1,1,"(69,79]",0,3801.7338,2,0
"1918",1,0,"(69,79]",0,4221.5946,2,0
"1919",0,0,"(49,59]",0,3855.8749,2,0
"1920",1,0,"(29,39]",0,4799.8894,1,1
"1921",1,1,"(29,39]",0,4393.2145,1,1
"1922",1,0,"(29,39]",0,4596.4304,1,1
"1923",1,1,"(69,79]",0,3200.713,1,1
"1924",1,0,"(69,79]",0,3768.3722,1,0
"1925",0,1,"(79,100]",0,4318.3056,2,0
"1926",1,1,"(49,59]",0,3271.5471,1,1
"1927",0,0,"(49,59]",0,3878.4623,1,0
"1928",0,0,"(0,29]",0,3592.8237,1,1
"1929",0,1,"(0,29]",0,5197.1307,3,1
"1930",NA,0,"(59,69]",0,3019.0776,1,2
"1931",1,1,"(79,100]",0,3169.7303,1,0
"1932",1,1,"(49,59]",0,3398.2412,1,NA
"1933",0,1,"(49,59]",0,3401.9651,1,0
"1934",0,0,"(49,59]",0,3431.5256,1,1
"1935",0,1,"(39,49]",0,3185.2366,1,0
"1936",0,0,"(49,59]",0,3910.1064,1,2
"1937",1,1,"(39,49]",0,3203.856,1,0
"1938",1,0,"(39,49]",0,3974.5616,1,1
"1939",1,1,"(69,79]",0,3256.8409,1,2
"1940",1,0,"(69,79]",0,3624.5651,1,2
"1941",1,1,"(69,79]",0,4153.5121,2,1
"1942",1,0,"(69,79]",0,3397.4795,2,2
"1943",NA,1,NA,0,2705.4471,NA,NA
"1944",NA,0,NA,0,3425.4074,NA,NA
"1945",1,0,"(59,69]",0,3308.7533,1,2
"1946",0,0,"(39,49]",0,2880.5897,1,1
"1947",1,0,"(59,69]",0,3875.9607,1,1
"1948",0,0,"(59,69]",0,4585.3672,2,0
"1949",0,1,"(79,100]",0,3188.9537,1,2
"1950",1,1,"(59,69]",0,3245.0168,1,2
"1951",NA,1,NA,0,3887.2861,4,0
"1952",0,1,"(69,79]",0,3035.3577,1,0
"1953",0,1,"(29,39]",0,5888.7143,2,0
"1954",0,1,"(29,39]",0,5923.0034,2,NA
"1955",0,0,"(0,29]",0,4942.926,1,2
"1956",0,1,"(69,79]",0,3519.6446,1,0
"1957",1,0,"(59,69]",0,3048.8395,4,1
"1958",1,1,"(59,69]",0,3611.512,1,0
"1959",0,0,"(49,59]",0,4025.9295,1,1
"1960",NA,1,"(59,69]",0,3471.0541,1,2
"1961",NA,0,"(69,79]",0,3570.2702,2,0
"1962",NA,0,NA,0,4157.6385,2,2
"1963",NA,1,NA,0,5192.2858,2,2
"1964",1,1,"(59,69]",0,3331.0091,1,1
"1965",0,0,"(59,69]",0,3243.9891,1,1
"1966",1,1,"(59,69]",0,3101.2892,1,1
"1967",1,1,"(39,49]",0,3106.7342,1,2
"1968",1,0,"(39,49]",0,3854.0766,1,2
"1969",NA,0,"(59,69]",0,3894.436,1,0
"1970",NA,1,"(49,59]",0,3502.2252,1,0
"1971",NA,0,"(0,29]",0,3493.5825,1,0
"1972",NA,1,NA,0,3181.5484,1,NA
"1973",1,0,"(59,69]",0,3894.436,1,1
"1974",1,1,"(59,69]",0,3080.4283,1,0
"1975",0,1,"(59,69]",0,2987.0481,NA,1
"1976",1,1,"(29,39]",0,3085.1029,NA,1
"1977",1,1,"(39,49]",0,3109.9565,1,2
"1978",1,0,"(39,49]",0,3724.4707,1,1
"1979",1,1,"(59,69]",0,3258.3868,1,2
"1980",NA,0,"(49,59]",0,3275.5023,1,NA
"1981",NA,1,"(49,59]",0,3599.2869,1,NA
"1982",NA,1,NA,0,3462.7422,1,0
"1983",0,0,"(39,49]",0,4073.3486,1,1
"1984",1,0,"(39,49]",0,4558.1913,1,2
"1985",1,1,"(69,79]",0,3200.713,1,1
"1986",NA,0,"(39,49]",0,2904.0923,1,1
"1987",0,1,"(49,59]",0,3532.2424,1,1
"1988",0,0,"(49,59]",0,3214.489,1,0
"1989",0,1,"(29,39]",0,8034.37,2,1
"1990",1,1,"(59,69]",0,3057.1702,1,2
"1991",1,0,"(59,69]",0,3073.3105,1,2
"1992",1,1,"(49,59]",0,3298.2394,1,NA
"1993",0,0,"(49,59]",0,3496.6584,1,1
"1994",0,1,"(39,49]",0,3213.6952,1,0
"1995",1,1,"(39,49]",0,4676.8952,2,1
"1996",0,0,"(39,49]",0,4459.4888,2,0
"1997",0,1,"(0,29]",0,3848.4552,1,1
"1998",0,1,"(39,49]",0,3404.6191,1,1
"1999",1,1,"(49,59]",0,3766.4482,1,2
"2000",1,0,"(49,59]",0,3626.6587,1,2
"2001",0,1,"(0,29]",0,3525.8965,1,0
"2002",0,1,"(69,79]",0,3174.8099,1,0
"2003",NA,1,"(49,59]",0,3466.5369,1,0
"2004",NA,0,"(49,59]",0,3302.2269,1,0
"2005",0,1,"(79,100]",0,3358.6553,1,1
"2006",0,0,"(59,69]",0,4142.8378,1,1
"2007",0,1,"(29,39]",0,3155.0836,1,1
"2008",0,0,"(29,39]",0,3354.9211,1,2
"2009",1,1,"(29,39]",0,4749.0428,2,2
"2010",1,1,"(59,69]",0,3347.3228,1,2
"2011",1,0,"(59,69]",0,3321.977,1,2
"2012",1,1,"(29,39]",0,3159.7373,1,1
"2013",1,0,"(39,49]",0,3795.1638,1,1
"2014",NA,NA,NA,1,NA,NA,NA
"2015",NA,NA,NA,1,NA,NA,NA
"2016",NA,NA,NA,1,NA,NA,NA
"2017",NA,NA,NA,1,NA,NA,NA
"2018",NA,NA,NA,1,NA,NA,NA
"2019",NA,NA,NA,1,NA,NA,NA
"2020",NA,NA,NA,1,NA,NA,NA
"2021",NA,NA,NA,1,NA,NA,NA
"2022",NA,NA,NA,1,NA,NA,NA
"2023",NA,NA,NA,1,NA,NA,NA
"2024",NA,NA,NA,1,NA,NA,NA
"2025",NA,NA,NA,1,NA,NA,NA
"2026",NA,NA,NA,1,NA,NA,NA
"2027",NA,NA,NA,1,NA,NA,NA
"2028",NA,NA,NA,1,NA,NA,NA
"2029",NA,NA,NA,1,NA,NA,NA
"2030",NA,NA,NA,1,NA,NA,NA
"2031",NA,NA,NA,1,NA,NA,NA
"2032",NA,NA,NA,1,NA,NA,NA
"2033",NA,NA,NA,1,NA,NA,NA
"2034",NA,NA,NA,1,NA,NA,NA
"2035",NA,NA,NA,1,NA,NA,NA
"2036",NA,NA,NA,1,NA,NA,NA
"2037",NA,NA,NA,1,NA,NA,NA
"2038",NA,NA,NA,1,NA,NA,NA
"2039",NA,NA,NA,1,NA,NA,NA
"2040",NA,NA,NA,1,NA,NA,NA
"2041",NA,NA,NA,1,NA,NA,NA
"2042",NA,NA,NA,1,NA,NA,NA
"2043",NA,NA,NA,1,NA,NA,NA
"2044",NA,NA,NA,1,NA,NA,NA
"2045",NA,NA,NA,1,NA,NA,NA
"2046",NA,NA,NA,1,NA,NA,NA
"2047",NA,NA,NA,1,NA,NA,NA
"2048",NA,NA,NA,1,NA,NA,NA
"2049",NA,NA,NA,1,NA,NA,NA
"2050",NA,NA,NA,1,NA,NA,NA
"2051",NA,NA,NA,1,NA,NA,NA
"2052",NA,NA,NA,1,NA,NA,NA
"2053",NA,NA,NA,1,NA,NA,NA
"2054",NA,NA,NA,1,NA,NA,NA
"2055",NA,NA,NA,1,NA,NA,NA
"2056",NA,NA,NA,1,NA,NA,NA
"2057",NA,NA,NA,1,NA,NA,NA
"2058",NA,NA,NA,1,NA,NA,NA
"2059",NA,NA,NA,1,NA,NA,NA
"2060",NA,NA,NA,1,NA,NA,NA
"2061",NA,NA,NA,1,NA,NA,NA
"2062",NA,NA,NA,1,NA,NA,NA
"2063",NA,NA,NA,1,NA,NA,NA
"2064",NA,NA,NA,1,NA,NA,NA
"2065",NA,NA,NA,1,NA,NA,NA
"2066",NA,NA,NA,1,NA,NA,NA
"2067",NA,NA,NA,1,NA,NA,NA
"2068",NA,NA,NA,1,NA,NA,NA
"2069",NA,NA,NA,1,NA,NA,NA
"2070",NA,NA,NA,1,NA,NA,NA
"2071",NA,NA,NA,1,NA,NA,NA
"2072",NA,NA,NA,1,NA,NA,NA
"2073",NA,NA,NA,1,NA,NA,NA
"2074",NA,NA,NA,1,NA,NA,NA
"2075",NA,NA,NA,1,NA,NA,NA
"2076",NA,NA,NA,1,NA,NA,NA
"2077",NA,NA,NA,1,NA,NA,NA
"2078",NA,NA,NA,1,NA,NA,NA
"2079",NA,NA,NA,1,NA,NA,NA
"2080",NA,NA,NA,1,NA,NA,NA
"2081",NA,NA,NA,1,NA,NA,NA
"2082",NA,NA,NA,1,NA,NA,NA
"2083",NA,NA,NA,1,NA,NA,NA
"2084",NA,NA,NA,1,NA,NA,NA
"2085",NA,NA,NA,1,NA,NA,NA
"2086",NA,NA,NA,1,NA,NA,NA
"2087",NA,NA,NA,1,NA,NA,NA
"2088",NA,NA,NA,1,NA,NA,NA
"2089",NA,NA,NA,1,NA,NA,NA
"2090",NA,NA,NA,1,NA,NA,NA
"2091",NA,NA,NA,1,NA,NA,NA
"2092",NA,NA,NA,1,NA,NA,NA
"2093",NA,NA,NA,1,NA,NA,NA
"2094",NA,NA,NA,1,NA,NA,NA
"2095",NA,NA,NA,1,NA,NA,NA
"2096",NA,NA,NA,1,NA,NA,NA
"2097",NA,NA,NA,1,NA,NA,NA
"2098",NA,NA,NA,1,NA,NA,NA
"2099",NA,NA,NA,1,NA,NA,NA
"2100",NA,NA,NA,1,NA,NA,NA
"2101",NA,NA,NA,1,NA,NA,NA
"2102",NA,NA,NA,1,NA,NA,NA
"2103",NA,NA,NA,1,NA,NA,NA
"2104",NA,NA,NA,1,NA,NA,NA
"2105",NA,NA,NA,1,NA,NA,NA
"2106",NA,NA,NA,1,NA,NA,NA
"2107",NA,NA,NA,1,NA,NA,NA
"2108",NA,NA,NA,1,NA,NA,NA
"2109",NA,NA,NA,1,NA,NA,NA
"2110",NA,NA,NA,1,NA,NA,NA
"2111",NA,NA,NA,1,NA,NA,NA
"2112",NA,NA,NA,1,NA,NA,NA
"2113",NA,NA,NA,1,NA,NA,NA
"2114",NA,NA,NA,1,NA,NA,NA
"2115",NA,NA,NA,1,NA,NA,NA
"2116",NA,NA,NA,1,NA,NA,NA
"2117",NA,NA,NA,1,NA,NA,NA
"2118",NA,NA,NA,1,NA,NA,NA
"2119",NA,NA,NA,1,NA,NA,NA
"2120",NA,NA,NA,1,NA,NA,NA
"2121",NA,NA,NA,1,NA,NA,NA
"2122",NA,NA,NA,1,NA,NA,NA
"2123",NA,NA,NA,1,NA,NA,NA
"2124",NA,NA,NA,1,NA,NA,NA
"2125",NA,NA,NA,1,NA,NA,NA
"2126",NA,NA,NA,1,NA,NA,NA
"2127",NA,NA,NA,1,NA,NA,NA
"2128",NA,NA,NA,1,NA,NA,NA
"2129",NA,NA,NA,1,NA,NA,NA
"2130",NA,NA,NA,1,NA,NA,NA
"2131",NA,NA,NA,1,NA,NA,NA
"2132",NA,NA,NA,1,NA,NA,NA
"2133",NA,NA,NA,1,NA,NA,NA
"2134",NA,NA,NA,1,NA,NA,NA
"2135",NA,NA,NA,1,NA,NA,NA
"2136",NA,NA,NA,1,NA,NA,NA
"2137",NA,NA,NA,1,NA,NA,NA
"2138",NA,NA,NA,1,NA,NA,NA
"2139",NA,NA,NA,1,NA,NA,NA
"2140",NA,NA,NA,1,NA,NA,NA
"2141",NA,NA,NA,1,NA,NA,NA
"2142",NA,NA,NA,1,NA,NA,NA
"2143",NA,NA,NA,1,NA,NA,NA
"2144",NA,NA,NA,1,NA,NA,NA
"2145",NA,NA,NA,1,NA,NA,NA
"2146",NA,NA,NA,1,NA,NA,NA
"2147",NA,NA,NA,1,NA,NA,NA
"2148",NA,NA,NA,1,NA,NA,NA
"2149",NA,NA,NA,1,NA,NA,NA
"2150",NA,NA,NA,1,NA,NA,NA
"2151",NA,NA,NA,1,NA,NA,NA
"2152",NA,NA,NA,1,NA,NA,NA
"2153",NA,NA,NA,1,NA,NA,NA
"2154",NA,NA,NA,1,NA,NA,NA
"2155",NA,NA,NA,1,NA,NA,NA
"2156",NA,NA,NA,1,NA,NA,NA
"2157",NA,NA,NA,1,NA,NA,NA
"2158",NA,NA,NA,1,NA,NA,NA
"2159",NA,NA,NA,1,NA,NA,NA
"2160",NA,NA,NA,1,NA,NA,NA
"2161",NA,NA,NA,1,NA,NA,NA
"2162",NA,NA,NA,1,NA,NA,NA
"2163",NA,NA,NA,1,NA,NA,NA
"2164",NA,NA,NA,1,NA,NA,NA
"2165",NA,NA,NA,1,NA,NA,NA
"2166",NA,NA,NA,1,NA,NA,NA
"2167",NA,NA,NA,1,NA,NA,NA
"2168",NA,NA,NA,1,NA,NA,NA
"2169",NA,NA,NA,1,NA,NA,NA
"2170",NA,NA,NA,1,NA,NA,NA
"2171",NA,NA,NA,1,NA,NA,NA
"2172",NA,NA,NA,1,NA,NA,NA
"2173",NA,NA,NA,1,NA,NA,NA
"2174",NA,NA,NA,1,NA,NA,NA
"2175",NA,NA,NA,1,NA,NA,NA
"2176",NA,NA,NA,1,NA,NA,NA
"2177",NA,NA,NA,1,NA,NA,NA
"2178",NA,NA,NA,1,NA,NA,NA
"2179",NA,NA,NA,1,NA,NA,NA
"2180",NA,NA,NA,1,NA,NA,NA
"2181",NA,NA,NA,1,NA,NA,NA
"2182",NA,NA,NA,1,NA,NA,NA
"2183",NA,NA,NA,1,NA,NA,NA
"2184",NA,NA,NA,1,NA,NA,NA
"2185",NA,NA,NA,1,NA,NA,NA
"2186",NA,NA,NA,1,NA,NA,NA
"2187",NA,NA,NA,1,NA,NA,NA
"2188",NA,NA,NA,1,NA,NA,NA
"2189",NA,NA,NA,1,NA,NA,NA
"2190",NA,NA,NA,1,NA,NA,NA
"2191",NA,NA,NA,1,NA,NA,NA
"2192",NA,NA,NA,1,NA,NA,NA
"2193",NA,NA,NA,1,NA,NA,NA
"2194",NA,NA,NA,1,NA,NA,NA
"2195",NA,NA,NA,1,NA,NA,NA
"2196",NA,NA,NA,1,NA,NA,NA
"2197",NA,NA,NA,1,NA,NA,NA
"2198",NA,NA,NA,1,NA,NA,NA
"2199",NA,NA,NA,1,NA,NA,NA
"2200",NA,NA,NA,1,NA,NA,NA
"2201",NA,NA,NA,1,NA,NA,NA
"2202",NA,NA,NA,1,NA,NA,NA
"2203",NA,NA,NA,1,NA,NA,NA
"2204",NA,NA,NA,1,NA,NA,NA
"2205",NA,NA,NA,1,NA,NA,NA
"2206",NA,NA,NA,1,NA,NA,NA
"2207",NA,NA,NA,1,NA,NA,NA
"2208",NA,NA,NA,1,NA,NA,NA
"2209",NA,NA,NA,1,NA,NA,NA
"2210",NA,NA,NA,1,NA,NA,NA
"2211",NA,NA,NA,1,NA,NA,NA
"2212",NA,NA,NA,1,NA,NA,NA
"2213",NA,NA,NA,1,NA,NA,NA
"2214",NA,NA,NA,1,NA,NA,NA
"2215",NA,NA,NA,1,NA,NA,NA
"2216",NA,NA,NA,1,NA,NA,NA
"2217",NA,NA,NA,1,NA,NA,NA
"2218",NA,NA,NA,1,NA,NA,NA
"2219",NA,NA,NA,1,NA,NA,NA
"2220",NA,NA,NA,1,NA,NA,NA
"2221",NA,NA,NA,1,NA,NA,NA
"2222",NA,NA,NA,1,NA,NA,NA
"2223",NA,NA,NA,1,NA,NA,NA
"2224",NA,NA,NA,1,NA,NA,NA
"2225",NA,NA,NA,1,NA,NA,NA
"2226",NA,NA,NA,1,NA,NA,NA
"2227",NA,NA,NA,1,NA,NA,NA
"2228",NA,NA,NA,1,NA,NA,NA
"2229",NA,NA,NA,1,NA,NA,NA
"2230",NA,NA,NA,1,NA,NA,NA
"2231",NA,NA,NA,1,NA,NA,NA
"2232",NA,NA,NA,1,NA,NA,NA
"2233",NA,NA,NA,1,NA,NA,NA
"2234",NA,NA,NA,1,NA,NA,NA
"2235",NA,NA,NA,1,NA,NA,NA
"2236",NA,NA,NA,1,NA,NA,NA
"2237",NA,NA,NA,1,NA,NA,NA
"2238",NA,NA,NA,1,NA,NA,NA
"2239",NA,NA,NA,1,NA,NA,NA
"2240",NA,NA,NA,1,NA,NA,NA
"2241",NA,NA,NA,1,NA,NA,NA
"2242",NA,NA,NA,1,NA,NA,NA
"2243",NA,NA,NA,1,NA,NA,NA
"2244",NA,NA,NA,1,NA,NA,NA
"2245",NA,NA,NA,1,NA,NA,NA
"2246",NA,NA,NA,1,NA,NA,NA
"2247",NA,NA,NA,1,NA,NA,NA
"2248",NA,NA,NA,1,NA,NA,NA
"2249",NA,NA,NA,1,NA,NA,NA
"2250",NA,NA,NA,1,NA,NA,NA
"2251",NA,NA,NA,1,NA,NA,NA
"2252",NA,NA,NA,1,NA,NA,NA
"2253",NA,NA,NA,1,NA,NA,NA
"2254",NA,NA,NA,1,NA,NA,NA
"2255",NA,NA,NA,1,NA,NA,NA
"2256",NA,NA,NA,1,NA,NA,NA
"2257",NA,NA,NA,1,NA,NA,NA
"2258",NA,NA,NA,1,NA,NA,NA
"2259",NA,NA,NA,1,NA,NA,NA
"2260",NA,NA,NA,1,NA,NA,NA
"2261",NA,NA,NA,1,NA,NA,NA
"2262",NA,NA,NA,1,NA,NA,NA
"2263",NA,NA,NA,1,NA,NA,NA
"2264",NA,NA,NA,1,NA,NA,NA
"2265",NA,NA,NA,1,NA,NA,NA
"2266",NA,NA,NA,1,NA,NA,NA
"2267",NA,NA,NA,1,NA,NA,NA
"2268",NA,NA,NA,1,NA,NA,NA
"2269",NA,NA,NA,1,NA,NA,NA
"2270",NA,NA,NA,1,NA,NA,NA
"2271",NA,NA,NA,1,NA,NA,NA
"2272",NA,NA,NA,1,NA,NA,NA
"2273",NA,NA,NA,1,NA,NA,NA
"2274",NA,NA,NA,1,NA,NA,NA
"2275",NA,NA,NA,1,NA,NA,NA
"2276",NA,NA,NA,1,NA,NA,NA
"2277",NA,NA,NA,1,NA,NA,NA
"2278",NA,NA,NA,1,NA,NA,NA
"2279",NA,NA,NA,1,NA,NA,NA
"2280",NA,NA,NA,1,NA,NA,NA
"2281",NA,NA,NA,1,NA,NA,NA
"2282",NA,NA,NA,1,NA,NA,NA
"2283",NA,NA,NA,1,NA,NA,NA
"2284",NA,NA,NA,1,NA,NA,NA
"2285",NA,NA,NA,1,NA,NA,NA
"2286",NA,NA,NA,1,NA,NA,NA
"2287",NA,NA,NA,1,NA,NA,NA
"2288",NA,NA,NA,1,NA,NA,NA
"2289",NA,NA,NA,1,NA,NA,NA
"2290",NA,NA,NA,1,NA,NA,NA
"2291",NA,NA,NA,1,NA,NA,NA
"2292",NA,NA,NA,1,NA,NA,NA
"2293",NA,NA,NA,1,NA,NA,NA
"2294",NA,NA,NA,1,NA,NA,NA
"2295",NA,NA,NA,1,NA,NA,NA
"2296",NA,NA,NA,1,NA,NA,NA
"2297",NA,NA,NA,1,NA,NA,NA
"2298",NA,NA,NA,1,NA,NA,NA
"2299",NA,NA,NA,1,NA,NA,NA
"2300",NA,NA,NA,1,NA,NA,NA
"2301",NA,NA,NA,1,NA,NA,NA
"2302",NA,NA,NA,1,NA,NA,NA
"2303",NA,NA,NA,1,NA,NA,NA
"2304",NA,NA,NA,1,NA,NA,NA
"2305",NA,NA,NA,1,NA,NA,NA
"2306",NA,NA,NA,1,NA,NA,NA
"2307",NA,NA,NA,1,NA,NA,NA
"2308",NA,NA,NA,1,NA,NA,NA
"2309",NA,NA,NA,1,NA,NA,NA
"2310",NA,NA,NA,1,NA,NA,NA
"2311",NA,NA,NA,1,NA,NA,NA
"2312",NA,NA,NA,1,NA,NA,NA
"2313",NA,NA,NA,1,NA,NA,NA
"2314",NA,NA,NA,1,NA,NA,NA
"2315",NA,NA,NA,1,NA,NA,NA
"2316",NA,NA,NA,1,NA,NA,NA
"2317",NA,NA,NA,1,NA,NA,NA
"2318",NA,NA,NA,1,NA,NA,NA
"2319",NA,NA,NA,1,NA,NA,NA
"2320",NA,NA,NA,1,NA,NA,NA
"2321",NA,NA,NA,1,NA,NA,NA
"2322",NA,NA,NA,1,NA,NA,NA
"2323",NA,NA,NA,1,NA,NA,NA
"2324",NA,NA,NA,1,NA,NA,NA
"2325",NA,NA,NA,1,NA,NA,NA
"2326",NA,NA,NA,1,NA,NA,NA
"2327",NA,NA,NA,1,NA,NA,NA
"2328",NA,NA,NA,1,NA,NA,NA
"2329",NA,NA,NA,1,NA,NA,NA
"2330",NA,NA,NA,1,NA,NA,NA
"2331",NA,NA,NA,1,NA,NA,NA
"2332",NA,NA,NA,1,NA,NA,NA
"2333",NA,NA,NA,1,NA,NA,NA
"2334",NA,NA,NA,1,NA,NA,NA
"2335",NA,NA,NA,1,NA,NA,NA
"2336",NA,NA,NA,1,NA,NA,NA
"2337",NA,NA,NA,1,NA,NA,NA
"2338",NA,NA,NA,1,NA,NA,NA
"2339",NA,NA,NA,1,NA,NA,NA
"2340",NA,NA,NA,1,NA,NA,NA
"2341",NA,NA,NA,1,NA,NA,NA
"2342",NA,NA,NA,1,NA,NA,NA
"2343",NA,NA,NA,1,NA,NA,NA
"2344",NA,NA,NA,1,NA,NA,NA
"2345",NA,NA,NA,1,NA,NA,NA
"2346",NA,NA,NA,1,NA,NA,NA
"2347",NA,NA,NA,1,NA,NA,NA
"2348",NA,NA,NA,1,NA,NA,NA
"2349",NA,NA,NA,1,NA,NA,NA
"2350",NA,NA,NA,1,NA,NA,NA
"2351",NA,NA,NA,1,NA,NA,NA
"2352",NA,NA,NA,1,NA,NA,NA
"2353",NA,NA,NA,1,NA,NA,NA
"2354",NA,NA,NA,1,NA,NA,NA
"2355",NA,NA,NA,1,NA,NA,NA
"2356",NA,NA,NA,1,NA,NA,NA
"2357",NA,NA,NA,1,NA,NA,NA
"2358",NA,NA,NA,1,NA,NA,NA
"2359",NA,NA,NA,1,NA,NA,NA
"2360",NA,NA,NA,1,NA,NA,NA
"2361",NA,NA,NA,1,NA,NA,NA
"2362",NA,NA,NA,1,NA,NA,NA
"2363",NA,NA,NA,1,NA,NA,NA
"2364",NA,NA,NA,1,NA,NA,NA
"2365",NA,NA,NA,1,NA,NA,NA
"2366",NA,NA,NA,1,NA,NA,NA
"2367",NA,NA,NA,1,NA,NA,NA
"2368",NA,NA,NA,1,NA,NA,NA
"2369",NA,NA,NA,1,NA,NA,NA
"2370",NA,NA,NA,1,NA,NA,NA
"2371",NA,NA,NA,1,NA,NA,NA
"2372",NA,NA,NA,1,NA,NA,NA
"2373",NA,NA,NA,1,NA,NA,NA
"2374",NA,NA,NA,1,NA,NA,NA
"2375",NA,NA,NA,1,NA,NA,NA
"2376",NA,NA,NA,1,NA,NA,NA
"2377",NA,NA,NA,1,NA,NA,NA
"2378",NA,NA,NA,1,NA,NA,NA
"2379",NA,NA,NA,1,NA,NA,NA
"2380",NA,NA,NA,1,NA,NA,NA
"2381",NA,NA,NA,1,NA,NA,NA
"2382",NA,NA,NA,1,NA,NA,NA
"2383",NA,NA,NA,1,NA,NA,NA
"2384",NA,NA,NA,1,NA,NA,NA
"2385",NA,NA,NA,1,NA,NA,NA
"2386",NA,NA,NA,1,NA,NA,NA
"2387",NA,NA,NA,1,NA,NA,NA
"2388",NA,NA,NA,1,NA,NA,NA
"2389",NA,NA,NA,1,NA,NA,NA
"2390",NA,NA,NA,1,NA,NA,NA
"2391",NA,NA,NA,1,NA,NA,NA
"2392",NA,NA,NA,1,NA,NA,NA
"2393",NA,NA,NA,1,NA,NA,NA
"2394",NA,NA,NA,1,NA,NA,NA
"2395",NA,NA,NA,1,NA,NA,NA
"2396",NA,NA,NA,1,NA,NA,NA
"2397",NA,NA,NA,1,NA,NA,NA
"2398",NA,NA,NA,1,NA,NA,NA
"2399",NA,NA,NA,1,NA,NA,NA
"2400",NA,NA,NA,1,NA,NA,NA
"2401",NA,NA,NA,1,NA,NA,NA
"2402",NA,NA,NA,1,NA,NA,NA
"2403",NA,NA,NA,1,NA,NA,NA
"2404",NA,NA,NA,1,NA,NA,NA
"2405",NA,NA,NA,1,NA,NA,NA
"2406",NA,NA,NA,1,NA,NA,NA
"2407",NA,NA,NA,1,NA,NA,NA
"2408",NA,NA,NA,1,NA,NA,NA
"2409",NA,NA,NA,1,NA,NA,NA
"2410",NA,NA,NA,1,NA,NA,NA
"2411",NA,NA,NA,1,NA,NA,NA
"2412",NA,NA,NA,1,NA,NA,NA
"2413",NA,NA,NA,1,NA,NA,NA
"2414",NA,NA,NA,1,NA,NA,NA
"2415",NA,NA,NA,1,NA,NA,NA
"2416",NA,NA,NA,1,NA,NA,NA
"2417",NA,NA,NA,1,NA,NA,NA
"2418",NA,NA,NA,1,NA,NA,NA
"2419",NA,NA,NA,1,NA,NA,NA
"2420",NA,NA,NA,1,NA,NA,NA
"2421",NA,NA,NA,1,NA,NA,NA
"2422",NA,NA,NA,1,NA,NA,NA
"2423",NA,NA,NA,1,NA,NA,NA
"2424",NA,NA,NA,1,NA,NA,NA
"2425",NA,NA,NA,1,NA,NA,NA
"2426",NA,NA,NA,1,NA,NA,NA
"2427",NA,NA,NA,1,NA,NA,NA
"2428",NA,NA,NA,1,NA,NA,NA
"2429",NA,NA,NA,1,NA,NA,NA
"2430",NA,NA,NA,1,NA,NA,NA
"2431",NA,NA,NA,1,NA,NA,NA
"2432",NA,NA,NA,1,NA,NA,NA
"2433",NA,NA,NA,1,NA,NA,NA
"2434",NA,NA,NA,1,NA,NA,NA
"2435",NA,NA,NA,1,NA,NA,NA
"2436",NA,NA,NA,1,NA,NA,NA
"2437",NA,NA,NA,1,NA,NA,NA
"2438",NA,NA,NA,1,NA,NA,NA
"2439",NA,NA,NA,1,NA,NA,NA
"2440",NA,NA,NA,1,NA,NA,NA
"2441",NA,NA,NA,1,NA,NA,NA
"2442",NA,NA,NA,1,NA,NA,NA
"2443",NA,NA,NA,1,NA,NA,NA
"2444",NA,NA,NA,1,NA,NA,NA
"2445",NA,NA,NA,1,NA,NA,NA
"2446",NA,NA,NA,1,NA,NA,NA
"2447",NA,NA,NA,1,NA,NA,NA
"2448",NA,NA,NA,1,NA,NA,NA
"2449",NA,NA,NA,1,NA,NA,NA
"2450",NA,NA,NA,1,NA,NA,NA
"2451",NA,NA,NA,1,NA,NA,NA
"2452",NA,NA,NA,1,NA,NA,NA
"2453",NA,NA,NA,1,NA,NA,NA
"2454",NA,NA,NA,1,NA,NA,NA
"2455",NA,NA,NA,1,NA,NA,NA
"2456",NA,NA,NA,1,NA,NA,NA
"2457",NA,NA,NA,1,NA,NA,NA
"2458",NA,NA,NA,1,NA,NA,NA
"2459",NA,NA,NA,1,NA,NA,NA
"2460",NA,NA,NA,1,NA,NA,NA
"2461",NA,NA,NA,1,NA,NA,NA
"2462",NA,NA,NA,1,NA,NA,NA
"2463",NA,NA,NA,1,NA,NA,NA
"2464",NA,NA,NA,1,NA,NA,NA
"2465",NA,NA,NA,1,NA,NA,NA
"2466",NA,NA,NA,1,NA,NA,NA
"2467",NA,NA,NA,1,NA,NA,NA
"2468",NA,NA,NA,1,NA,NA,NA
"2469",NA,NA,NA,1,NA,NA,NA
"2470",NA,NA,NA,1,NA,NA,NA
"2471",NA,NA,NA,1,NA,NA,NA
"2472",NA,NA,NA,1,NA,NA,NA
"2473",NA,NA,NA,1,NA,NA,NA
"2474",NA,NA,NA,1,NA,NA,NA
"2475",NA,NA,NA,1,NA,NA,NA
"2476",NA,NA,NA,1,NA,NA,NA
"2477",NA,NA,NA,1,NA,NA,NA
"2478",NA,NA,NA,1,NA,NA,NA
"2479",NA,NA,NA,1,NA,NA,NA
"2480",NA,NA,NA,1,NA,NA,NA
"2481",NA,NA,NA,1,NA,NA,NA
"2482",NA,NA,NA,1,NA,NA,NA
"2483",NA,NA,NA,1,NA,NA,NA
"2484",NA,NA,NA,1,NA,NA,NA
"2485",NA,NA,NA,1,NA,NA,NA
"2486",NA,NA,NA,1,NA,NA,NA
"2487",NA,NA,NA,1,NA,NA,NA
"2488",NA,NA,NA,1,NA,NA,NA
"2489",NA,NA,NA,1,NA,NA,NA
"2490",NA,NA,NA,1,NA,NA,NA
"2491",NA,NA,NA,1,NA,NA,NA
"2492",NA,NA,NA,1,NA,NA,NA
"2493",NA,NA,NA,1,NA,NA,NA
"2494",NA,NA,NA,1,NA,NA,NA
"2495",NA,NA,NA,1,NA,NA,NA
"2496",NA,NA,NA,1,NA,NA,NA
"2497",NA,NA,NA,1,NA,NA,NA
"2498",NA,NA,NA,1,NA,NA,NA
"2499",NA,NA,NA,1,NA,NA,NA
"2500",NA,NA,NA,1,NA,NA,NA
"2501",NA,NA,NA,1,NA,NA,NA
"2502",NA,NA,NA,1,NA,NA,NA
"2503",NA,NA,NA,1,NA,NA,NA
"2504",NA,NA,NA,1,NA,NA,NA
"2505",NA,NA,NA,1,NA,NA,NA
"2506",NA,NA,NA,1,NA,NA,NA
"2507",NA,NA,NA,1,NA,NA,NA
"2508",NA,NA,NA,1,NA,NA,NA
"2509",NA,NA,NA,1,NA,NA,NA
"2510",NA,NA,NA,1,NA,NA,NA
"2511",NA,NA,NA,1,NA,NA,NA
"2512",NA,NA,NA,1,NA,NA,NA
"2513",NA,NA,NA,1,NA,NA,NA
"2514",NA,NA,NA,1,NA,NA,NA
"2515",NA,NA,NA,1,NA,NA,NA
"2516",NA,NA,NA,1,NA,NA,NA
"2517",NA,NA,NA,1,NA,NA,NA
"2518",NA,NA,NA,1,NA,NA,NA
"2519",NA,NA,NA,1,NA,NA,NA
"2520",NA,NA,NA,1,NA,NA,NA
"2521",NA,NA,NA,1,NA,NA,NA
"2522",NA,NA,NA,1,NA,NA,NA
"2523",NA,NA,NA,1,NA,NA,NA
"2524",NA,NA,NA,1,NA,NA,NA
"2525",NA,NA,NA,1,NA,NA,NA
"2526",NA,NA,NA,1,NA,NA,NA
"2527",NA,NA,NA,1,NA,NA,NA
"2528",NA,NA,NA,1,NA,NA,NA
"2529",NA,NA,NA,1,NA,NA,NA
"2530",NA,NA,NA,1,NA,NA,NA
"2531",NA,NA,NA,1,NA,NA,NA
"2532",NA,NA,NA,1,NA,NA,NA
"2533",NA,NA,NA,1,NA,NA,NA
"2534",NA,NA,NA,1,NA,NA,NA
"2535",NA,NA,NA,1,NA,NA,NA
"2536",NA,NA,NA,1,NA,NA,NA
"2537",NA,NA,NA,1,NA,NA,NA
"2538",NA,NA,NA,1,NA,NA,NA
"2539",NA,NA,NA,1,NA,NA,NA
"2540",NA,NA,NA,1,NA,NA,NA
"2541",NA,NA,NA,1,NA,NA,NA
"2542",NA,NA,NA,1,NA,NA,NA
"2543",NA,NA,NA,1,NA,NA,NA
"2544",NA,NA,NA,1,NA,NA,NA
"2545",NA,NA,NA,1,NA,NA,NA
"2546",NA,NA,NA,1,NA,NA,NA
"2547",NA,NA,NA,1,NA,NA,NA
"2548",NA,NA,NA,1,NA,NA,NA
"2549",NA,NA,NA,1,NA,NA,NA
"2550",NA,NA,NA,1,NA,NA,NA
"2551",NA,NA,NA,1,NA,NA,NA
"2552",NA,NA,NA,1,NA,NA,NA
"2553",NA,NA,NA,1,NA,NA,NA
"2554",NA,NA,NA,1,NA,NA,NA
"2555",NA,NA,NA,1,NA,NA,NA
"2556",NA,NA,NA,1,NA,NA,NA
"2557",NA,NA,NA,1,NA,NA,NA
"2558",NA,NA,NA,1,NA,NA,NA
"2559",NA,NA,NA,1,NA,NA,NA
"2560",NA,NA,NA,1,NA,NA,NA
"2561",NA,NA,NA,1,NA,NA,NA
"2562",NA,NA,NA,1,NA,NA,NA
"2563",NA,NA,NA,1,NA,NA,NA
"2564",NA,NA,NA,1,NA,NA,NA
"2565",NA,NA,NA,1,NA,NA,NA
"2566",NA,NA,NA,1,NA,NA,NA
"2567",NA,NA,NA,1,NA,NA,NA
"2568",NA,NA,NA,1,NA,NA,NA
"2569",NA,NA,NA,1,NA,NA,NA
"2570",NA,NA,NA,1,NA,NA,NA
"2571",NA,NA,NA,1,NA,NA,NA
"2572",NA,NA,NA,1,NA,NA,NA
"2573",NA,NA,NA,1,NA,NA,NA
"2574",NA,NA,NA,1,NA,NA,NA
"2575",NA,NA,NA,1,NA,NA,NA
"2576",NA,NA,NA,1,NA,NA,NA
"2577",NA,NA,NA,1,NA,NA,NA
"2578",NA,NA,NA,1,NA,NA,NA
"2579",NA,NA,NA,1,NA,NA,NA
"2580",NA,NA,NA,1,NA,NA,NA
"2581",NA,NA,NA,1,NA,NA,NA
"2582",NA,NA,NA,1,NA,NA,NA
"2583",NA,NA,NA,1,NA,NA,NA
"2584",NA,NA,NA,1,NA,NA,NA
"2585",NA,NA,NA,1,NA,NA,NA
"2586",NA,NA,NA,1,NA,NA,NA
"2587",NA,NA,NA,1,NA,NA,NA
"2588",NA,NA,NA,1,NA,NA,NA
"2589",NA,NA,NA,1,NA,NA,NA
"2590",NA,NA,NA,1,NA,NA,NA
"2591",NA,NA,NA,1,NA,NA,NA
"2592",NA,NA,NA,1,NA,NA,NA
"2593",NA,NA,NA,1,NA,NA,NA
"2594",NA,NA,NA,1,NA,NA,NA
"2595",NA,NA,NA,1,NA,NA,NA
"2596",NA,NA,NA,1,NA,NA,NA
"2597",NA,NA,NA,1,NA,NA,NA
"2598",NA,NA,NA,1,NA,NA,NA
"2599",NA,NA,NA,1,NA,NA,NA
"2600",NA,NA,NA,1,NA,NA,NA
"2601",NA,NA,NA,1,NA,NA,NA
"2602",NA,NA,NA,1,NA,NA,NA
"2603",NA,NA,NA,1,NA,NA,NA
"2604",NA,NA,NA,1,NA,NA,NA
"2605",NA,NA,NA,1,NA,NA,NA
"2606",NA,NA,NA,1,NA,NA,NA
"2607",NA,NA,NA,1,NA,NA,NA
"2608",NA,NA,NA,1,NA,NA,NA
"2609",NA,NA,NA,1,NA,NA,NA
"2610",NA,NA,NA,1,NA,NA,NA
"2611",NA,NA,NA,1,NA,NA,NA
"2612",NA,NA,NA,1,NA,NA,NA
"2613",NA,NA,NA,1,NA,NA,NA
"2614",NA,NA,NA,1,NA,NA,NA
"2615",NA,NA,NA,1,NA,NA,NA
"2616",NA,NA,NA,1,NA,NA,NA
"2617",NA,NA,NA,1,NA,NA,NA
"2618",NA,NA,NA,1,NA,NA,NA
"2619",NA,NA,NA,1,NA,NA,NA
"2620",NA,NA,NA,1,NA,NA,NA
"2621",NA,NA,NA,1,NA,NA,NA
"2622",NA,NA,NA,1,NA,NA,NA
"2623",NA,NA,NA,1,NA,NA,NA
"2624",NA,NA,NA,1,NA,NA,NA
"2625",NA,NA,NA,1,NA,NA,NA
"2626",NA,NA,NA,1,NA,NA,NA
"2627",NA,NA,NA,1,NA,NA,NA
"2628",NA,NA,NA,1,NA,NA,NA
"2629",NA,NA,NA,1,NA,NA,NA
"2630",NA,NA,NA,1,NA,NA,NA
"2631",NA,NA,NA,1,NA,NA,NA
"2632",NA,NA,NA,1,NA,NA,NA
"2633",NA,NA,NA,1,NA,NA,NA
"2634",NA,NA,NA,1,NA,NA,NA
"2635",NA,NA,NA,1,NA,NA,NA
"2636",NA,NA,NA,1,NA,NA,NA
"2637",NA,NA,NA,1,NA,NA,NA
"2638",NA,NA,NA,1,NA,NA,NA
"2639",NA,NA,NA,1,NA,NA,NA
"2640",NA,NA,NA,1,NA,NA,NA
"2641",NA,NA,NA,1,NA,NA,NA
"2642",NA,NA,NA,1,NA,NA,NA
"2643",NA,NA,NA,1,NA,NA,NA
"2644",NA,NA,NA,1,NA,NA,NA
"2645",NA,NA,NA,1,NA,NA,NA
"2646",NA,NA,NA,1,NA,NA,NA
"2647",NA,NA,NA,1,NA,NA,NA
"2648",NA,NA,NA,1,NA,NA,NA
"2649",NA,NA,NA,1,NA,NA,NA
"2650",NA,NA,NA,1,NA,NA,NA
"2651",NA,NA,NA,1,NA,NA,NA
"2652",NA,NA,NA,1,NA,NA,NA
"2653",NA,NA,NA,1,NA,NA,NA
"2654",NA,NA,NA,1,NA,NA,NA
"2655",NA,NA,NA,1,NA,NA,NA
"2656",NA,NA,NA,1,NA,NA,NA
"2657",NA,NA,NA,1,NA,NA,NA
"2658",NA,NA,NA,1,NA,NA,NA
"2659",NA,NA,NA,1,NA,NA,NA
"2660",NA,NA,NA,1,NA,NA,NA
"2661",NA,NA,NA,1,NA,NA,NA
"2662",NA,NA,NA,1,NA,NA,NA
"2663",NA,NA,NA,1,NA,NA,NA
"2664",NA,NA,NA,1,NA,NA,NA
"2665",NA,NA,NA,1,NA,NA,NA
"2666",NA,NA,NA,1,NA,NA,NA
"2667",NA,NA,NA,1,NA,NA,NA
"2668",NA,NA,NA,1,NA,NA,NA
"2669",NA,NA,NA,1,NA,NA,NA
"2670",NA,NA,NA,1,NA,NA,NA
"2671",NA,NA,NA,1,NA,NA,NA
"2672",NA,NA,NA,1,NA,NA,NA
"2673",NA,NA,NA,1,NA,NA,NA
"2674",NA,NA,NA,1,NA,NA,NA
"2675",NA,NA,NA,1,NA,NA,NA
"2676",NA,NA,NA,1,NA,NA,NA
"2677",NA,NA,NA,1,NA,NA,NA
"2678",NA,NA,NA,1,NA,NA,NA
"2679",NA,NA,NA,1,NA,NA,NA
"2680",NA,NA,NA,1,NA,NA,NA
"2681",NA,NA,NA,1,NA,NA,NA
"2682",NA,NA,NA,1,NA,NA,NA
"2683",NA,NA,NA,1,NA,NA,NA
"2684",NA,NA,NA,1,NA,NA,NA
"2685",NA,NA,NA,1,NA,NA,NA
"2686",NA,NA,NA,1,NA,NA,NA
"2687",NA,NA,NA,1,NA,NA,NA
"2688",NA,NA,NA,1,NA,NA,NA
"2689",NA,NA,NA,1,NA,NA,NA
"2690",NA,NA,NA,1,NA,NA,NA
"2691",NA,NA,NA,1,NA,NA,NA
"2692",NA,NA,NA,1,NA,NA,NA
"2693",NA,NA,NA,1,NA,NA,NA
"2694",NA,NA,NA,1,NA,NA,NA
"2695",NA,NA,NA,1,NA,NA,NA
"2696",NA,NA,NA,1,NA,NA,NA
"2697",NA,NA,NA,1,NA,NA,NA
"2698",NA,NA,NA,1,NA,NA,NA
"2699",NA,NA,NA,1,NA,NA,NA
"2700",NA,NA,NA,1,NA,NA,NA
"2701",NA,NA,NA,1,NA,NA,NA
"2702",NA,NA,NA,1,NA,NA,NA
"2703",NA,NA,NA,1,NA,NA,NA
"2704",NA,NA,NA,1,NA,NA,NA
"2705",NA,NA,NA,1,NA,NA,NA
"2706",NA,NA,NA,1,NA,NA,NA
"2707",NA,NA,NA,1,NA,NA,NA
"2708",NA,NA,NA,1,NA,NA,NA
"2709",NA,NA,NA,1,NA,NA,NA
"2710",NA,NA,NA,1,NA,NA,NA
"2711",NA,NA,NA,1,NA,NA,NA
"2712",NA,NA,NA,1,NA,NA,NA
"2713",NA,NA,NA,1,NA,NA,NA
"2714",NA,NA,NA,1,NA,NA,NA
"2715",NA,NA,NA,1,NA,NA,NA
"2716",NA,NA,NA,1,NA,NA,NA
"2717",NA,NA,NA,1,NA,NA,NA
"2718",NA,NA,NA,1,NA,NA,NA
"2719",NA,NA,NA,1,NA,NA,NA
"2720",NA,NA,NA,1,NA,NA,NA
"2721",NA,NA,NA,1,NA,NA,NA
"2722",NA,NA,NA,1,NA,NA,NA
"2723",NA,NA,NA,1,NA,NA,NA
"2724",NA,NA,NA,1,NA,NA,NA
"2725",NA,NA,NA,1,NA,NA,NA
"2726",NA,NA,NA,1,NA,NA,NA
"2727",NA,NA,NA,1,NA,NA,NA
"2728",NA,NA,NA,1,NA,NA,NA
"2729",NA,NA,NA,1,NA,NA,NA
"2730",NA,NA,NA,1,NA,NA,NA
"2731",NA,NA,NA,1,NA,NA,NA
"2732",NA,NA,NA,1,NA,NA,NA
"2733",NA,NA,NA,1,NA,NA,NA
"2734",NA,NA,NA,1,NA,NA,NA
"2735",NA,NA,NA,1,NA,NA,NA
"2736",NA,NA,NA,1,NA,NA,NA
"2737",NA,NA,NA,1,NA,NA,NA
"2738",NA,NA,NA,1,NA,NA,NA
"2739",NA,NA,NA,1,NA,NA,NA
"2740",NA,NA,NA,1,NA,NA,NA
"2741",NA,NA,NA,1,NA,NA,NA
"2742",NA,NA,NA,1,NA,NA,NA
"2743",NA,NA,NA,1,NA,NA,NA
"2744",NA,NA,NA,1,NA,NA,NA
"2745",NA,NA,NA,1,NA,NA,NA
"2746",NA,NA,NA,1,NA,NA,NA
"2747",NA,NA,NA,1,NA,NA,NA
"2748",NA,NA,NA,1,NA,NA,NA
"2749",NA,NA,NA,1,NA,NA,NA
"2750",NA,NA,NA,1,NA,NA,NA
"2751",NA,NA,NA,1,NA,NA,NA
"2752",NA,NA,NA,1,NA,NA,NA
"2753",NA,NA,NA,1,NA,NA,NA
"2754",NA,NA,NA,1,NA,NA,NA
"2755",NA,NA,NA,1,NA,NA,NA
"2756",NA,NA,NA,1,NA,NA,NA
"2757",NA,NA,NA,1,NA,NA,NA
"2758",NA,NA,NA,1,NA,NA,NA
"2759",NA,NA,NA,1,NA,NA,NA
"2760",NA,NA,NA,1,NA,NA,NA
"2761",NA,NA,NA,1,NA,NA,NA
"2762",NA,NA,NA,1,NA,NA,NA
"2763",NA,NA,NA,1,NA,NA,NA
"2764",NA,NA,NA,1,NA,NA,NA
"2765",NA,NA,NA,1,NA,NA,NA
"2766",NA,NA,NA,1,NA,NA,NA
"2767",NA,NA,NA,1,NA,NA,NA
"2768",NA,NA,NA,1,NA,NA,NA
"2769",NA,NA,NA,1,NA,NA,NA
"2770",NA,NA,NA,1,NA,NA,NA
"2771",NA,NA,NA,1,NA,NA,NA
"2772",NA,NA,NA,1,NA,NA,NA
"2773",NA,NA,NA,1,NA,NA,NA
"2774",NA,NA,NA,1,NA,NA,NA
"2775",NA,NA,NA,1,NA,NA,NA
"2776",NA,NA,NA,1,NA,NA,NA
"2777",NA,NA,NA,1,NA,NA,NA
"2778",NA,NA,NA,1,NA,NA,NA
"2779",NA,NA,NA,1,NA,NA,NA
"2780",NA,NA,NA,1,NA,NA,NA
"2781",NA,NA,NA,1,NA,NA,NA
"2782",NA,NA,NA,1,NA,NA,NA
"2783",NA,NA,NA,1,NA,NA,NA
"2784",NA,NA,NA,1,NA,NA,NA
"2785",NA,NA,NA,1,NA,NA,NA
"2786",NA,NA,NA,1,NA,NA,NA
"2787",NA,NA,NA,1,NA,NA,NA
"2788",NA,NA,NA,1,NA,NA,NA
"2789",NA,NA,NA,1,NA,NA,NA
"2790",NA,NA,NA,1,NA,NA,NA
"2791",NA,NA,NA,1,NA,NA,NA
"2792",NA,NA,NA,1,NA,NA,NA
"2793",NA,NA,NA,1,NA,NA,NA
"2794",NA,NA,NA,1,NA,NA,NA
"2795",NA,NA,NA,1,NA,NA,NA
"2796",NA,NA,NA,1,NA,NA,NA
"2797",NA,NA,NA,1,NA,NA,NA
"2798",NA,NA,NA,1,NA,NA,NA
"2799",NA,NA,NA,1,NA,NA,NA
"2800",NA,NA,NA,1,NA,NA,NA
"2801",NA,NA,NA,1,NA,NA,NA
"2802",NA,NA,NA,1,NA,NA,NA
"2803",NA,NA,NA,1,NA,NA,NA
"2804",NA,NA,NA,1,NA,NA,NA
"2805",NA,NA,NA,1,NA,NA,NA
"2806",NA,NA,NA,1,NA,NA,NA
"2807",NA,NA,NA,1,NA,NA,NA
"2808",NA,NA,NA,1,NA,NA,NA
"2809",NA,NA,NA,1,NA,NA,NA
"2810",NA,NA,NA,1,NA,NA,NA
"2811",NA,NA,NA,1,NA,NA,NA
"2812",NA,NA,NA,1,NA,NA,NA
"2813",NA,NA,NA,1,NA,NA,NA
"2814",NA,NA,NA,1,NA,NA,NA
"2815",NA,NA,NA,1,NA,NA,NA
"2816",NA,NA,NA,1,NA,NA,NA
"2817",NA,NA,NA,1,NA,NA,NA
"2818",NA,NA,NA,1,NA,NA,NA
"2819",NA,NA,NA,1,NA,NA,NA
"2820",NA,NA,NA,1,NA,NA,NA
"2821",NA,NA,NA,1,NA,NA,NA
"2822",NA,NA,NA,1,NA,NA,NA
"2823",NA,NA,NA,1,NA,NA,NA
"2824",NA,NA,NA,1,NA,NA,NA
"2825",NA,NA,NA,1,NA,NA,NA
"2826",NA,NA,NA,1,NA,NA,NA
"2827",NA,NA,NA,1,NA,NA,NA
"2828",NA,NA,NA,1,NA,NA,NA
"2829",NA,NA,NA,1,NA,NA,NA
"2830",NA,NA,NA,1,NA,NA,NA
"2831",NA,NA,NA,1,NA,NA,NA
"2832",NA,NA,NA,1,NA,NA,NA
"2833",NA,NA,NA,1,NA,NA,NA
"2834",NA,NA,NA,1,NA,NA,NA
"2835",NA,NA,NA,1,NA,NA,NA
"2836",NA,NA,NA,1,NA,NA,NA
"2837",NA,NA,NA,1,NA,NA,NA
"2838",NA,NA,NA,1,NA,NA,NA
"2839",NA,NA,NA,1,NA,NA,NA
"2840",NA,NA,NA,1,NA,NA,NA
"2841",NA,NA,NA,1,NA,NA,NA
"2842",NA,NA,NA,1,NA,NA,NA
"2843",NA,NA,NA,1,NA,NA,NA
"2844",NA,NA,NA,1,NA,NA,NA
"2845",NA,NA,NA,1,NA,NA,NA
"2846",NA,NA,NA,1,NA,NA,NA
"2847",NA,NA,NA,1,NA,NA,NA
"2848",NA,NA,NA,1,NA,NA,NA
"2849",NA,NA,NA,1,NA,NA,NA
"2850",NA,NA,NA,1,NA,NA,NA
"2851",NA,NA,NA,1,NA,NA,NA
"2852",NA,NA,NA,1,NA,NA,NA
"2853",NA,NA,NA,1,NA,NA,NA
"2854",NA,NA,NA,1,NA,NA,NA
"2855",NA,NA,NA,1,NA,NA,NA
"2856",NA,NA,NA,1,NA,NA,NA
"2857",NA,NA,NA,1,NA,NA,NA
"2858",NA,NA,NA,1,NA,NA,NA
"2859",NA,NA,NA,1,NA,NA,NA
"2860",NA,NA,NA,1,NA,NA,NA
"2861",NA,NA,NA,1,NA,NA,NA
"2862",NA,NA,NA,1,NA,NA,NA
"2863",NA,NA,NA,1,NA,NA,NA
"2864",NA,NA,NA,1,NA,NA,NA
"2865",NA,NA,NA,1,NA,NA,NA
"2866",NA,NA,NA,1,NA,NA,NA
"2867",NA,NA,NA,1,NA,NA,NA
"2868",NA,NA,NA,1,NA,NA,NA
"2869",NA,NA,NA,1,NA,NA,NA
"2870",NA,NA,NA,1,NA,NA,NA
"2871",NA,NA,NA,1,NA,NA,NA
"2872",NA,NA,NA,1,NA,NA,NA
"2873",NA,NA,NA,1,NA,NA,NA
"2874",NA,NA,NA,1,NA,NA,NA
"2875",NA,NA,NA,1,NA,NA,NA
"2876",NA,NA,NA,1,NA,NA,NA
"2877",NA,NA,NA,1,NA,NA,NA
"2878",NA,NA,NA,1,NA,NA,NA
"2879",NA,NA,NA,1,NA,NA,NA
"2880",NA,NA,NA,1,NA,NA,NA
"2881",NA,NA,NA,1,NA,NA,NA
"2882",NA,NA,NA,1,NA,NA,NA
"2883",NA,NA,NA,1,NA,NA,NA
"2884",NA,NA,NA,1,NA,NA,NA
"2885",NA,NA,NA,1,NA,NA,NA
"2886",NA,NA,NA,1,NA,NA,NA
"2887",NA,NA,NA,1,NA,NA,NA
"2888",NA,NA,NA,1,NA,NA,NA
"2889",NA,NA,NA,1,NA,NA,NA
"2890",NA,NA,NA,1,NA,NA,NA
"2891",NA,NA,NA,1,NA,NA,NA
"2892",NA,NA,NA,1,NA,NA,NA
"2893",NA,NA,NA,1,NA,NA,NA
"2894",NA,NA,NA,1,NA,NA,NA
"2895",NA,NA,NA,1,NA,NA,NA
"2896",NA,NA,NA,1,NA,NA,NA
"2897",NA,NA,NA,1,NA,NA,NA
"2898",NA,NA,NA,1,NA,NA,NA
"2899",NA,NA,NA,1,NA,NA,NA
"2900",NA,NA,NA,1,NA,NA,NA
"2901",NA,NA,NA,1,NA,NA,NA
"2902",NA,NA,NA,1,NA,NA,NA
"2903",NA,NA,NA,1,NA,NA,NA
"2904",NA,NA,NA,1,NA,NA,NA
"2905",NA,NA,NA,1,NA,NA,NA
"2906",NA,NA,NA,1,NA,NA,NA
"2907",NA,NA,NA,1,NA,NA,NA
"2908",NA,NA,NA,1,NA,NA,NA
"2909",NA,NA,NA,1,NA,NA,NA
"2910",NA,NA,NA,1,NA,NA,NA
"2911",NA,NA,NA,1,NA,NA,NA
"2912",NA,NA,NA,1,NA,NA,NA
"2913",NA,NA,NA,1,NA,NA,NA
"2914",NA,NA,NA,1,NA,NA,NA
"2915",NA,NA,NA,1,NA,NA,NA
"2916",NA,NA,NA,1,NA,NA,NA
"2917",NA,NA,NA,1,NA,NA,NA
"2918",NA,NA,NA,1,NA,NA,NA
"2919",NA,NA,NA,1,NA,NA,NA
"2920",NA,NA,NA,1,NA,NA,NA
"2921",NA,NA,NA,1,NA,NA,NA
"2922",NA,NA,NA,1,NA,NA,NA
"2923",NA,NA,NA,1,NA,NA,NA
"2924",NA,NA,NA,1,NA,NA,NA
"2925",NA,NA,NA,1,NA,NA,NA
"2926",NA,NA,NA,1,NA,NA,NA
